a6f45b5d-f7a0-4ca3-99ae-84e741601c20;Абаза;Хакасия;Сибирский;12272;1867
2808cb38-c971-40a2-8fce-23d628e66193;Абакан;Хакасия;Сибирский;184769;1734
3c8cb1e1-ad52-4311-8da9-13655c507e93;Абдулино;Оренбургская область;Приволжский;17274;1795
6931f429-5f6a-4ecf-a673-bee405eee270;Абинск;Краснодарский край;Южный;39511;1863
28c85514-0d3e-46cd-87b0-a120fedb4aec;Агидель;Башкортостан;Приволжский;14219;1980
a2ad7d66-5fbc-4baf-8661-5100965cced4;Агрыз;Татарстан;Приволжский;19991;1646
6873ad3f-0a9d-4039-85d3-1526d7c9f6e4;Адыгейск;Адыгея;Южный;13175;1969
3086dc29-e331-4a73-9332-990f2b3c50a3;Азнакаево;Татарстан;Приволжский;34750;1762
c4bb5273-4e01-4ca9-8846-7fd068d58298;Азов;Ростовская область;Южный;81924;1067
7f7df2b5-3f2d-4454-b45b-9e60700c9e64;Ак-Довурак;Тыва;Сибирский;12456;1964
24e416d5-abad-496c-af19-5779d6dcb6aa;Аксай;Ростовская область;Южный;48372;1570
3e34d500-7522-40d7-998d-faca5d5d9122;Алагир;Северная Осетия;Северо-Кавказский;21550;1850
258732d4-a4e4-44c8-95c4-9ed6878ef5bd;Алапаевск;Свердловская область;Уральский;36189;1639
9e3e1d00-9c9a-4e18-bd9e-c7cbe6be1e17;Алатырь;Чувашия;Приволжский;32265;1552
fb2a2a27-9d5d-4806-bcfc-7c816c9fd20c;Алдан;Якутия;Дальневосточный;21590;1924
b5b1efd0-b9c6-4097-b43b-626af4bd8590;Алейск;Алтайский край;Сибирский;25380;1913
41f6631b-1fc5-41ea-a9b2-f4b376dd59c0;Александров;Владимирская область;Центральный;57053;XIV век
9584f94f-c068-4bf3-af71-862e7d5b5da0;Александровск;Пермский край;Приволжский;10780;1783
bf344eec-b84f-4618-b281-1b29160236c0;Александровск-Сахалинский;Сахалинская область;Дальневосточный;8854;1869
e43828ea-aaec-417a-b213-5785ae2319d2;Алексеевка;Белгородская область;Центральный;36578;1685
bb32f3c7-09b9-4cf2-acd0-0cba988b2426;Алексин;Тульская область;Центральный;60842;1348
62962f80-3499-43bb-94b2-5e72f32e726d;Алзамай;Иркутская область;Сибирский;5373;1899
b1b35c35-8252-439e-9a0b-633f6437c59b;Алупка;Крым;Южный;9063;960
28244f5c-962c-4db6-95e3-d795d3c4109f;Алушта;Крым;Южный;31364;VI век
c927fcc4-f18c-438d-9b80-b48d0ef8d944;Альметьевск;Татарстан;Приволжский;163512;XVIII век
7b3c18dc-54de-419a-8532-5f8a87a022ed;Амурск;Хабаровский край;Дальневосточный;38606;1958
55fe7c46-15ee-4582-b32a-0605fc3668d0;Анадырь;Чукотский АО;Дальневосточный;13202;1889
e07e9166-3168-4ffd-bfb1-bd4f7cee06a8;Анапа;Краснодарский край;Южный;81863;1781
50bc5bef-6b5e-4791-921e-1eb0b98aa508;Ангарск;Иркутская область;Сибирский;221296;1948
68f925b8-1a7c-4458-a849-7decf2478ff6;Андреаполь;Тверская область;Центральный;6956;1907
6b4c086b-3027-4c87-b48c-346aa3f0e40f;Анжеро-Судженск;Кемеровская область;Сибирский;66583;1896
fe4d1b21-0648-492d-8427-0c0700bec688;Анива;Сахалинская область;Дальневосточный;9638;1886
cbf73e50-d831-4049-9319-4c1a3902fa96;Апатиты;Мурманская область;Северо-Западный;49647;1926
f6a11441-5b2e-4929-923a-d6121b87b402;Апрелевка;Московская область;Центральный;35514;1899
1db86870-b3ea-4b3e-b0f0-c310b150d8e8;Апшеронск;Краснодарский край;Южный;40289;1863
a6a0fd38-e056-4cf3-9f60-78fb9cdd6663;Арамиль;Свердловская область;Уральский;19013;1675
015fdfba-a2d4-4edb-a375-e2d42b56150f;Аргун;Чечня;Северо-Кавказский;41622;XVIII век
5e95d575-37a2-469f-bd82-6aaaea559c50;Ардатов;Мордовия;Приволжский;8857;1671
d05bc439-d9ec-4ff5-aa07-77c317d006c8;Ардон;Северная Осетия;Северо-Кавказский;18956;1824
80c9f9da-ba81-4f97-aaba-c4772ddaba10;Арзамас;Нижегородская область;Приволжский;104908;1552
30aea241-2ea0-448c-9fb6-e253aa683b2a;Аркадак;Саратовская область;Приволжский;10990;1721
21e3c788-963f-485b-9a9d-f645700e4447;Армавир;Краснодарский край;Южный;187177;1839
98151083-4a3c-4b59-8f83-6439607ad080;Армянск;Крым;Южный;20692;1736
b00d5769-70c1-4e2e-bd5e-edb59ddaaea2;Арсеньев;Приморский край;Дальневосточный;47937;1902
fb4a40bc-07f7-478c-90bd-8506e692c6d5;Арск;Татарстан;Приволжский;20421;XIII век
9382dfd9-de85-4ab8-ba40-b0c6d25eabbc;Артём;Приморский край;Дальневосточный;109556;1924
91595a1e-6334-42f6-8ca1-ab4be58accc3;Артёмовск;Красноярский край;Сибирский;1510;1700
d6630e4f-774b-428a-b3a8-37877628a6f5;Артёмовский;Свердловская область;Уральский;28943;1665
fa15a6e9-3fb0-4c35-aebc-217b42750c74;Архангельск;Архангельская область;Северо-Западный;301199;1584
969cc185-8638-4f51-97da-abb449f1abb6;Асбест;Свердловская область;Уральский;57317;1889
cc41b575-00da-4bf2-96a8-c5086a065853;Асино;Томская область;Сибирский;24913;1896
e92426e2-93d1-4fa2-ba3e-f75ddfe0e234;Астрахань;Астраханская область;Южный;475629;1558
cdb94d25-58b2-46a8-a822-01b37a34f446;Аткарск;Саратовская область;Приволжский;22709;XVIII век
4224f592-49b0-4b38-b280-77db281f7c5d;Ахтубинск;Астраханская область;Южный;35635;1768
1f2778d6-2b9e-487e-822b-596fa1958da0;Ачинск;Красноярский край;Сибирский;100621;1683
031f69fa-7b57-495d-b6c3-ba55dc596396;Ачхой-Мартан;Чечня;Северо-Кавказский;30739;1846
748d29ec-f6b1-4742-8337-0eb845082aa4;Аша;Челябинская область;Уральский;27890;1898
10c91443-a786-4197-9f91-b33507f0280c;Бабаево;Вологодская область;Северо-Западный;11739;XV век
08aa5343-703d-4e83-b2bd-83a11f779347;Бабушкин;Бурятия;Сибирский;4368;1760
cef8f6d2-4ebd-416c-9f9b-22437ec3087a;Бавлы;Татарстан;Приволжский;21628;1658
1f740745-04c5-4518-a9fc-6609546050a4;Багратионовск;Калининградская область;Северо-Западный;6417;1336
5be71cc3-d413-43ea-86c7-36e8f308d51a;Байкальск;Иркутская область;Сибирский;13199;1961
dc5d70bd-5302-44b0-b6d6-8d5c4df392d3;Баймак;Башкортостан;Приволжский;17833;1850
7be75518-e20c-4f74-8d21-cb9c7c0de4ad;Бакал;Челябинская область;Уральский;16345;1757
130b1478-dfca-4945-ad1b-0d9a183351ea;Баксан;Кабардино-Балкария;Северо-Кавказский;39593;1891
f3cb2b2b-d43a-4fe0-a80e-bcffa97f671f;Балабаново;Калужская область;Центральный;29029;1584
9ac7f0ec-0d2e-47e6-9797-7e4465e04985;Балаково;Саратовская область;Приволжский;184466;1762
e36348e1-a5df-4996-9d10-7a4257758dc5;Балахна;Нижегородская область;Приволжский;48569;1474
55737980-fb82-4421-b3c8-7a173154bf3f;Балашиха;Московская область;Центральный;520962;1830
017ed39f-5253-4a3b-94c0-d16cd0e29835;Балашов;Саратовская область;Приволжский;74057;XVII век
146fe70b-d662-434a-82e0-b0575f970ff2;Балей;Забайкальский край;Сибирский;10286;1736
7cac9cd4-653b-404c-9524-55474f8e4acf;Балтийск;Калининградская область;Северо-Западный;26796;1626
f618485c-5adf-4290-b3ef-0c453146c349;Барабинск;Новосибирская область;Сибирский;27648;1893
1641a9e3-f440-498f-b605-741d702e4b9e;Барнаул;Алтайский край;Сибирский;630877;1730
1b0ce8d5-d20b-42c1-98ce-7b8a3eb9dc4d;Барыш;Ульяновская область;Приволжский;14924;XVII век
89a71a2a-d3a7-44c6-9549-fbb23c2905a4;Батайск;Ростовская область;Южный;126988;1769
479f89fc-26ae-4e9a-af83-73c4383dc728;Бахчисарай;Крым;Южный;28609;1532
4939c6d2-063d-41a3-ac91-9890cdd37f09;Бежецк;Тверская область;Центральный;21466;1137
de18d0b3-185b-41ea-8391-548f1fa7267c;Белая Калитва;Ростовская область;Южный;40448;1703
8ebae45d-02ff-4a2a-884c-3706b68a49e0;Белая Холуница;Кировская область;Приволжский;9659;1764
a5216b27-7903-4fda-ae99-58c6c52449fc;Белгород;Белгородская область;Центральный;339978;1596
1a781b36-52d4-4177-9e9b-a1c933946da9;Белебей;Башкортостан;Приволжский;59195;1757
aec79d35-0537-422c-bbbf-6984528d5d38;Белёв;Тульская область;Центральный;12846;1147
97a3e86c-ed34-4464-bc99-4de15930d32c;Белинский;Пензенская область;Приволжский;8656;1708
4e2b89e5-7248-4081-9aac-dfebe46000a9;Белово;Кемеровская область;Сибирский;68542;1726
911eea71-e7d4-4f71-a012-086889a74a02;Белогорск;Амурская область;Дальневосточный;61440;1860
86363f08-3351-49f3-bbdb-a29455e59292;Белогорск;Крым;Южный;17445;XIII век
c66340f2-5c14-4988-9360-78458a0c5dcd;Белозерск;Вологодская область;Северо-Западный;8375;862
d352ea25-277d-4a31-863b-223b95061c7d;Белокуриха;Алтайский край;Сибирский;14735;1846
cab01cd5-6dae-4253-8ed0-a7506ea327c3;Беломорск;Карелия;Северо-Западный;7708;XII век
ee16c7c7-5359-4452-8b16-89b2ca7e7d16;Белоозёрский;Московская область;Центральный;13737;1961
96222cd3-be8b-494e-97ac-ff95359d8b7e;Белорецк;Башкортостан;Приволжский;64525;1762
15a9d44c-9445-498f-b1ed-627bc94936cf;Белореченск;Краснодарский край;Южный;55870;1862
4a445068-8993-4e24-bda4-f64383d979a4;Белоусово;Калужская область;Центральный;10946;1962
a9f30369-5617-440a-9749-6f53a3612227;Белоярский;Ханты-Мансийский АО;Уральский;19994;1969
21570f3c-e0e9-4417-aa4e-81880c4ceb13;Белый;Тверская область;Центральный;3125;1350
69566312-3dfc-470b-a611-572484968c28;Бердск;Новосибирская область;Сибирский;102850;1716
7352c646-53dc-4e17-9bb5-a73d2fb92fb8;Березники;Пермский край;Приволжский;138069;1623
5746accd-b300-4af9-a3f5-ce0cd62c4714;Берёзовский;Кемеровская область;Сибирский;44932;1965
c759a0bd-46e6-4998-9206-d18e4dd92509;Берёзовский;Свердловская область;Уральский;59698;1748
a6314bd5-2ce8-4efe-88df-f252cee9d17e;Беслан;Северная Осетия;Северо-Кавказский;35929;1847
69ca3e3d-0432-4e01-ab44-4beaaf63c068;Бийск;Алтайский край;Сибирский;183852;1709
b9467b3e-3467-4577-9ea5-dfddc4930cd1;Бикин;Хабаровский край;Дальневосточный;16240;1895
2013cd5d-9653-400e-9330-2cfb307b1c8c;Билибино;Чукотский АО;Дальневосточный;5546;1955
566ae187-8a93-41ed-b04a-20ee54804ae6;Биробиджан;Еврейская АО;Дальневосточный;70064;1915
eb525514-7180-4ba0-96fd-0798d3d5d7e0;Бирск;Башкортостан;Приволжский;44295;1663
b304b8fd-8e0c-4e37-bee8-a0a8147116f9;Бирюсинск;Иркутская область;Сибирский;8632;1897
5bb89b64-795c-4385-bbd0-753bec5d68d6;Бирюч;Белгородская область;Центральный;7114;1705
bb4e60c5-380f-4d19-a9b3-d137e58f15b0;Благовещенск;Башкортостан;Приволжский;35481;1756
ebc665dd-0164-46bf-a21a-95f7206067dc;Благовещенск;Амурская область;Дальневосточный;241437;1856
d45ce379-d93f-48f7-8582-a5cfc30e32b6;Благодарный;Ставропольский край;Северо-Кавказский;30827;1782
d206f41e-bf50-428f-a403-6108e90c9274;Бобров;Воронежская область;Центральный;20871;1698
ec6e0313-5054-4b35-900b-a4a08b520479;Богданович;Свердловская область;Уральский;30142;1885
57720293-c488-4088-8424-d89c5af14ec7;Богородицк;Тульская область;Центральный;29560;1663
5547b676-d58c-4560-81f8-72a9a1c6be84;Богородск;Нижегородская область;Приволжский;35068;1561
62520442-2b11-4f42-90b4-811ea2cf0f98;Боготол;Красноярский край;Сибирский;18206;1893
aae69901-6bb1-44f8-a58a-3a4d9e97dc88;Богучар;Воронежская область;Центральный;14370;1704
47d8e832-1359-433b-b509-a7545a71d1c5;Бодайбо;Иркутская область;Сибирский;8921;1864
420d79f6-3886-4814-b85f-4b82a6ca9b4f;Бокситогорск;Ленинградская область;Северо-Западный;16185;1929
de9bc6d6-bec8-4cfa-876a-c18345373e9e;Болгар;Татарстан;Приволжский;8285;X век
f89de25d-1cda-4f1d-8c26-d75d47ab1c91;Бологое;Тверская область;Центральный;20234;1495
c5995e85-cbdf-4c0f-a319-3d4c99618ce3;Болотное;Новосибирская область;Сибирский;15644;1805
4b5a645b-37c9-45fb-9675-c846257911ae;Болохово;Тульская область;Центральный;9339;XVI век
25013af3-cbab-468d-bba0-13e2ec6d40f3;Болхов;Орловская область;Центральный;9495;1196
de2b5c14-5c6c-414d-9739-da3db7062a30;Большой Камень;Приморский край;Дальневосточный;41825;1947
77153103-484b-4223-9948-5597b46b280f;Бор;Нижегородская область;Приволжский;78372;XIV век
0042344b-9349-429a-ad69-42a18fcc26aa;Борзя;Забайкальский край;Сибирский;29596;1899
9b09c4fe-c576-4534-bde5-7478a16ecebb;Борисоглебск;Воронежская область;Центральный;60687;1698
685efc51-55d4-438f-ba43-99feab3231fa;Боровичи;Новгородская область;Северо-Западный;47883;XV век
1aafa0b7-f690-438b-afbc-c4ce6a7917ca;Боровск;Калужская область;Центральный;12598;1358
62f51a37-433f-42e6-b113-22b134c17545;Бородино;Красноярский край;Сибирский;15174;1949
ed773555-7aae-4ea0-8561-786d53f84f5e;Братск;Иркутская область;Сибирский;224071;1631
aa647b2b-57c2-4ffd-a3d7-29523c1c5520;Бронницы;Московская область;Центральный;21831;1453
735c005b-76c3-4030-80f1-1924dbd54bb3;Брянск;Брянская область;Центральный;379152;985
a619bfb9-45a1-40d4-9163-9deac59ed8df;Бугульма;Татарстан;Приволжский;81677;1736
30870a46-0448-4817-88b6-2af7e7e9619a;Бугуруслан;Оренбургская область;Приволжский;43593;1748
8a52b5e9-0e8d-4962-95d8-83614ebf2be3;Будённовск;Ставропольский край;Северо-Кавказский;58103;1799
f6df5f2e-1835-469c-99c8-49019f8507b9;Бузулук;Оренбургская область;Приволжский;88341;1736
6769a2f3-6872-4667-8c5e-db05a2975d6d;Буинск;Татарстан;Приволжский;19968;1691
b4e9f706-71b3-4165-b1d2-b8ec47d53285;Буй;Костромская область;Центральный;20564;1536
e8c98290-f425-4390-ad55-09986e999c78;Буйнакск;Дагестан;Северо-Кавказский;68121;1834
f8577649-96cb-4b1b-8b09-c5d221292164;Бутурлиновка;Воронежская область;Центральный;24397;1740
7e641142-2cc6-4419-9b73-27c2d93885db;Валдай;Новгородская область;Северо-Западный;14074;XV век
f48e3eee-a95c-4674-a410-7427bf5c9a85;Валуйки;Белгородская область;Центральный;33032;1593
b46e2cdb-368c-4c55-a698-0683d588fd22;Велиж;Смоленская область;Центральный;6293;1536
1ce933db-fbf3-4687-8ab7-ab406d3321c8;Великие Луки;Псковская область;Северо-Западный;86711;1166
47386696-fb64-4ecd-9034-0d80a53f30b4;Великий Новгород;Новгородская область;Северо-Западный;224286;VIII—IX века
993da70d-c09a-45a7-9cb8-bc36f17200e0;Великий Устюг;Вологодская область;Северо-Западный;28670;1147
8de25e72-0630-404b-87c9-3a3f670d3449;Вельск;Архангельская область;Северо-Западный;21613;1137
aae593e9-5869-4eb8-8a53-81f208ccf437;Венёв;Тульская область;Центральный;12668;1371
7bcaf4d3-0e4c-4a30-83d1-736608da5bb2;Верещагино;Пермский край;Приволжский;22239;1898
07419ca2-4a64-4d7b-86af-b2dee3cae73c;Верея;Московская область;Центральный;4906;1371
66169b93-a1de-4094-9cde-228c0154f463;Верхнеуральск;Челябинская область;Уральский;8929;1734
4242f3c9-d311-4a4c-a170-d2d98f7903ce;Верхний Тагил;Свердловская область;Уральский;10113;1716
f2700303-2d11-4fce-a007-8496e2eb7e2b;Верхний Уфалей;Челябинская область;Уральский;22981;1761
d3823bfb-344a-49b3-8a90-4ce4fa7d0d93;Верхняя Пышма;Свердловская область;Уральский;71335;1854
c1314dad-be6e-4ee1-86c8-ecb0602802a7;Верхняя Салда;Свердловская область;Уральский;41034;1778
8577887d-d1df-464d-bf90-aeb61ceee399;Верхняя Тура;Свердловская область;Уральский;8554;1737
a1fb15dc-f55d-4b58-ae79-bf84d8582611;Верхотурье;Свердловская область;Уральский;6706;1597
be77da8b-ad82-4095-beba-e59bcfc3eaac;Верхоянск;Якутия;Дальневосточный;828;1638
8fa44c26-66e2-4049-8cf7-d54a1a57f5d8;Весьегонск;Тверская область;Центральный;6330;1564
14fa3e1f-fd82-4a4e-b748-b1bc4719252b;Ветлуга;Нижегородская область;Приволжский;7681;1606
23a70681-9d85-4499-8e43-b15a7609c98c;Видное;Московская область;Центральный;101490;1949
3bb036a7-11cc-48d8-9828-5e67a30e2007;Вилюйск;Якутия;Дальневосточный;10032;1634
7792dcc2-9b1a-45e6-ad0c-63f9ac33b903;Вилючинск;Камчатский край;Дальневосточный;21774;1968
f88d9597-7c8d-40d9-831f-deeef6881ed9;Вихоревка;Иркутская область;Сибирский;21719;1947
64277cbb-2f69-45f6-bc0f-fd3fd53f3b34;Вичуга;Ивановская область;Центральный;30694;1925
d45ef093-e375-4d95-ad40-7fc52471dc8c;Владивосток;Приморский край;Дальневосточный;603519;1860
60aa0169-b223-4607-a054-7c33b43e9cde;Владикавказ;Северная Осетия;Северо-Кавказский;295830;1784
e3ca700f-e88f-463e-b930-7caf3e9909d8;Владимир;Владимирская область;Центральный;349951;990
74840d46-e37e-4b82-b2a9-a813628dfefc;Волгоград;Волгоградская область;Южный;1028036;1589
eed9d3f9-33e0-4085-80c9-b867fe13232d;Волгодонск;Ростовская область;Южный;168048;1950
e2b10666-027d-42d4-8f80-8da576c72d9d;Волгореченск;Костромская область;Центральный;14355;1964
56105927-c923-469d-84db-46dfd1fe0f5e;Волжск;Марий Эл;Приволжский;53013;XVI век
7358f70b-638c-436c-8f37-6e19e01dc53e;Волжский;Волгоградская область;Южный;321479;1951
c25d3688-68e2-4bec-bedf-45903d0e2f23;Вологда;Вологодская область;Северо-Западный;313944;1147
0961e448-e69e-42ed-b35f-eb3d39482ff5;Володарск;Нижегородская область;Приволжский;9705;XIX век
9c3856e2-5567-4b7d-9e02-5aba2ff52c93;Волоколамск;Московская область;Центральный;26389;1135
29d8a5be-a1f3-44ea-8013-49c55443527c;Волосово;Ленинградская область;Северо-Западный;11931;1870
49499fda-90f6-4457-912e-ff3fe0f6b8cb;Волхов;Ленинградская область;Северо-Западный;38511;1918
f39114fc-0cbc-42b6-8084-8234ef1d75b7;Волчанск;Свердловская область;Уральский;8573;1956
67af9e80-da0d-4392-b3c7-e31ecab0e4c7;Вольск;Саратовская область;Приволжский;55035;1780
a75aaca8-d950-4584-b56a-d1c7d33a2a3e;Воркута;Коми;Северо-Западный;56985;1936
0f106c0f-bf6f-4776-94f9-024fb7fa2e15;Воронеж;Воронежская область;Центральный;1057681;1586
e286f1e9-194f-42dd-9ac3-7a884bdd0ccd;Ворсма;Нижегородская область;Приволжский;10162;1588
67c63789-c5b3-496f-8d37-1fac1040aa1d;Воскресенск;Московская область;Центральный;95495;1862
df460e3b-f18d-447d-8ee0-70d2b9e0a080;Воткинск;Удмуртия;Приволжский;97471;1759
f0f01c25-0b5d-4be1-96a2-755edab45ffa;Всеволожск;Ленинградская область;Северо-Западный;79038;1892
bb2aee20-9eae-419a-888d-8a743f487424;Вуктыл;Коми;Северо-Западный;9322;1968
2d157a93-7e51-4b70-9260-621efef9fd2d;Выборг;Ленинградская область;Северо-Западный;72530;1293
dd0e8903-0678-4d5c-8626-c56525d792fa;Выкса;Нижегородская область;Приволжский;45240;XVI век
2e62d0cb-cb71-4e71-9d2b-d16e6e92f36b;Высоковск;Московская область;Центральный;13081;1864
3127725c-37f3-4ef9-892c-7912d0c2192a;Высоцк;Ленинградская область;Северо-Западный;1129;1532
36d545d9-6cec-409f-b581-57f849155981;Вытегра;Вологодская область;Северо-Западный;10386;1710
8635da66-aa07-473c-adb2-9ecb7602a700;Вышний Волочёк;Тверская область;Центральный;45830;1471
09b2886a-72cb-43d8-b50f-8b4d4cb78013;Вяземский;Хабаровский край;Дальневосточный;12775;1894
23635e7c-d562-4576-9b9e-634c28788b24;Вязники;Владимирская область;Центральный;36203;1608
27fede3a-6a6c-4247-b6e2-7f85cfdab2a2;Вязьма;Смоленская область;Центральный;51950;1239
f7cee963-58b4-4116-a2ff-411ba6193291;Вятские Поляны;Кировская область;Приволжский;29742;1596
6d385f00-cced-42b1-8ae9-8fcf82d9dbbb;Гаврилов Посад;Ивановская область;Центральный;5429;1434
c2fba729-ad9a-45ff-9450-0db6e1e616d0;Гаврилов-Ям;Ярославская область;Центральный;16084;1545
256c0179-1df3-4ccd-a1f0-7e56c5d97b7a;Гагарин;Смоленская область;Центральный;26500;1705
eba5bae1-0b88-4824-a0c4-4e88dbdad314;Гаджиево;Мурманская область;Северо-Западный;9297;1957
e2eeb876-7bd8-4511-a551-1d2c0b0b9619;Гай;Оренбургская область;Приволжский;33280;1959
19763aa9-d34b-42fb-b550-bd902e2cad6a;Галич;Костромская область;Центральный;12856;1159
5d219444-8337-4fc0-b1aa-71d615e7d237;Гатчина;Ленинградская область;Северо-Западный;94377;1499
1f21e04e-fe27-4b2a-bd5f-2a77d6689a47;Гвардейск;Калининградская область;Северо-Западный;14122;1255
c0441bab-e8ff-4507-93d4-6ad91b64c295;Гдов;Псковская область;Северо-Западный;3455;XIV век
e6f29741-bc8a-4d77-a62c-6af38f342765;Геленджик;Краснодарский край;Южный;80204;1831
765003a2-af11-4745-b85b-e5c1ce629465;Георгиевск;Ставропольский край;Северо-Кавказский;63221;1777
dba0303e-a195-4471-bdd5-baa6dc65529e;Глазов;Удмуртия;Приволжский;87762;1678
1e5722c3-9258-4953-a901-b47050f073ce;Голицыно;Московская область;Центральный;22733;1872
c91e7aeb-015d-4a04-a550-2b7d1153101f;Горбатов;Нижегородская область;Приволжский;2009;XVI век
7c354011-ee1f-4574-a95b-5e44597f2042;Горно-Алтайск;Алтай;Сибирский;65342;1830
ee3269a7-9b2d-4b71-b640-2b60a21dab3a;Горнозаводск;Пермский край;Приволжский;11073;1947
25a997d8-d274-4d8a-94d1-41637ab9d75d;Горняк;Алтайский край;Сибирский;10112;1942
13d196c2-42fd-4b2a-98fb-3e8067054968;Городец;Нижегородская область;Приволжский;28660;1152
6b75b7bb-2668-4782-99c1-4cdab3acc045;Городище;Пензенская область;Приволжский;7796;1681
34f881d9-01cb-496d-ac46-2ba03f1c9c76;Городовиковск;Калмыкия;Южный;8285;1872
c2896b9c-583c-4a32-a001-3fabd03f6b26;Гороховец;Владимирская область;Центральный;12666;1158
a7ccecfa-92a0-441e-9c87-961b8ab09e0f;Горячий Ключ;Краснодарский край;Южный;40903;1868
21069489-4be8-4021-b784-2759783922f1;Грайворон;Белгородская область;Центральный;6179;1678
adcc00fc-40cb-4b26-b888-cc94d72ebfcb;Гремячинск;Пермский край;Приволжский;8360;1941
d804bf83-5b76-4e45-a5a2-b1cbd0900e8b;Грозный;Чечня;Северо-Кавказский;328533;1818
1063d356-532c-440b-b279-54c2fb4f6458;Грязи;Липецкая область;Центральный;43908;1868
3d2d2335-ecf9-4284-a526-2749c046aaa3;Грязовец;Вологодская область;Северо-Западный;14505;1538
ef33bea0-affe-4ac3-8fd8-9f5761ae0786;Губаха;Пермский край;Приволжский;23397;1755
843db52f-04db-4b6c-b5fb-5b7c81566558;Губкин;Белгородская область;Центральный;85225;1939
b18e66e1-4371-42e7-ae47-7c84a0bb1bcb;Губкинский;Ямало-Ненецкий АО;Уральский;33273;1986
a5e4b327-7890-47b1-99fe-261ec405b18d;Гудермес;Чечня;Северо-Кавказский;64376;XIX век
47959786-40a5-4c37-be6f-008928334012;Гуково;Ростовская область;Южный;60361;1878
0c260e01-d390-4a73-bd1d-93f0fb8ba514;Гулькевичи;Краснодарский край;Южный;33357;1875
20fbcfb0-2689-4969-8098-b186f725059a;Гурьевск;Калининградская область;Северо-Западный;26760;1262
d4dd4272-0c0f-4ba6-92c8-ff8c7bf6581f;Гурьевск;Кемеровская область;Сибирский;22134;1816
7a027420-f8ec-4272-816a-a9531708437e;Гусев;Калининградская область;Северо-Западный;29234;XVI век
16c3447e-cd4e-4751-b336-3c54731c7f48;Гусиноозёрск;Бурятия;Сибирский;24451;1939
e1d49912-c409-499c-b44e-27e2d574034d;Гусь-Хрустальный;Владимирская область;Центральный;51552;1756
89cd75c3-4d89-468a-9a0f-7f58bfdecc44;Давлеканово;Башкортостан;Приволжский;21834;1730-е
b9b72bc1-6454-4e50-8061-8d0a33eadedf;Дагестанские Огни;Дагестан;Северо-Кавказский;31412;1914
1703188d-177d-4d57-b2b8-3cde0541e82e;Далматово;Курганская область;Уральский;11584;1644
60ac98dd-83a0-4bcd-ae0b-b447139b79a4;Дальнегорск;Приморский край;Дальневосточный;33655;1897
c7959f6e-c5e0-4756-a4dd-489140e914d2;Дальнереченск;Приморский край;Дальневосточный;23613;1859
1f565168-2a0a-4167-9392-d095a2678e41;Данилов;Ярославская область;Центральный;13677;XV век
dd0e8c0b-35ab-45e0-a57a-76eddd0a3fc7;Данков;Липецкая область;Центральный;19726;1563
a5664a4b-667c-41d0-8519-f56c5a311f13;Дегтярск;Свердловская область;Уральский;15497;1914
91265c0a-29c9-4f7b-84e2-27e0a2dcd60a;Дедовск;Московская область;Центральный;30731;1911
b38b9ed5-a6dc-43ac-8f56-ad7f19385f38;Демидов;Смоленская область;Центральный;6326;1499
a5d07fcd-00f0-4640-94f8-d54dc1d162fc;Дербент;Дагестан;Северо-Кавказский;124953;438
611d9b53-f448-4483-b32d-72b53abb0e48;Десногорск;Смоленская область;Центральный;25345;1974
7dfbfd85-7fb7-4260-aaca-aa54baa854e3;Джанкой;Крым;Южный;37014;1784
893d96a4-a90e-4cd8-a0ed-11335d02a3dd;Дзержинск;Нижегородская область;Приволжский;218630;1606
27f2f505-c4bb-4990-99a3-f32287fc372f;Дзержинский;Московская область;Центральный;57918;1380-е
6e69eccd-45a7-45e4-855f-cba66d094e17;Дивногорск;Красноярский край;Сибирский;27477;1956
92f7210e-7f62-46c0-99a8-63e337f03eb0;Дигора;Северная Осетия;Северо-Кавказский;9922;1852
778f64d1-2d1b-47f3-8f01-a1d09b91ff8f;Димитровград;Ульяновская область;Приволжский;110968;1698
bd9e1d41-d2c7-4b58-887c-9525a8665e44;Дмитриев;Курская область;Центральный;6317;1779
330f06c1-f248-4be3-8019-ecd7baedd2f4;Дмитров;Московская область;Центральный;65574;1154
be2d6d63-3de4-4654-b4d4-caa31fac2e77;Дмитровск;Орловская область;Центральный;5202;1711
650ab6c4-d0a6-488e-bf0d-087d72665f81;Дно;Псковская область;Северо-Западный;7850;1897
f6f777a4-e907-4f81-81bf-7d61802d6110;Добрянка;Пермский край;Приволжский;28782;1623
06535162-ccbb-4125-a9d1-f673460c9a38;Долгопрудный;Московская область;Центральный;120907;1931
a0e28348-ccd8-499b-a15c-afe1c8ac450a;Долинск;Сахалинская область;Дальневосточный;11740;1884
ad261989-6151-4f92-a60d-5c1d43e55746;Домодедово;Московская область;Центральный;152404;1900
e984db09-de60-4485-bdab-163d1d7a67fb;Донецк;Ростовская область;Южный;46623;1681
2341b5b4-82f9-4fac-ad59-a544171e91d5;Донской;Тульская область;Центральный;63837;1773
46904c81-fc30-4b98-a813-6017b9e362b4;Дорогобуж;Смоленская область;Центральный;9528;1150
16c8fc02-569f-4eef-94fb-54e318b77f37;Дрезна;Московская область;Центральный;12295;1897
159f8599-01fb-4faf-818c-2301fc0369e2;Дубна;Московская область;Центральный;74183;1956
078074a3-9cc1-45eb-a62e-5a91358968f8;Дубовка;Волгоградская область;Южный;14779;1732
2636615d-4a1a-4885-94a6-bc4b188654c2;Дудинка;Красноярский край;Сибирский;19556;1667
dd8f2dde-a4d7-48bf-90a1-90ab930caba9;Духовщина;Смоленская область;Центральный;3990;1675
0deff6a5-c87e-4353-b8a2-1d45636b54dd;Дюртюли;Башкортостан;Приволжский;31185;1795
79ceb180-207c-4675-b0e4-ad7ee19a435b;Дятьково;Брянская область;Центральный;25255;1626
47404096-d0d0-44ba-9299-758c17d6f405;Евпатория;Крым;Южный;107877;497 год до н. э.
1a9b4433-0eba-430e-8077-6343c9e6b958;Егорьевск;Московская область;Центральный;71686;1462
2430369a-48f8-4b0a-a090-5cddd995b595;Ейск;Краснодарский край;Южный;82943;1848
6700bcaa-5a27-4c96-b030-50c6a5de05b6;Екатеринбург;Свердловская область;Уральский;1544376;1723
8b47a1a8-66fb-4cca-810e-62f335ff8905;Елабуга;Татарстан;Приволжский;73630;XI век
4d8c89eb-3065-4a3f-97e7-bba140b91cdf;Елец;Липецкая область;Центральный;99875;1146
9bc4c40f-dd59-48b0-baf7-e362d1c794cb;Елизово;Камчатский край;Дальневосточный;36240;1848
0c7ce4fe-0091-4d66-a9f4-e58f91caae9c;Ельня;Смоленская область;Центральный;8332;1150
0416ccd2-eed5-46a4-9f89-2e0e99d8715a;Еманжелинск;Челябинская область;Уральский;27632;1931
2666cf02-3570-42e9-a367-92f75655064c;Емва;Коми;Северо-Западный;10994;1941
b296dc1d-9c0e-4bbb-8318-b100fbae89f1;Енисейск;Красноярский край;Сибирский;17537;1619
7d5cb144-f0b9-4888-8a40-eb27b15bf656;Ермолино;Калужская область;Центральный;10809;1601
3193e84d-d0f2-46e0-a564-310a6d720113;Ершов;Саратовская область;Приволжский;18095;1893
814123d1-2bd8-46bb-b005-64d77f1489ae;Ессентуки;Ставропольский край;Северо-Кавказский;119658;1825
f3f3e754-3e34-4fa4-9674-cbd6449b0cae;Ефремов;Тульская область;Центральный;36545;1637
190c32d7-e48d-4293-8520-c9812a2689e4;Железноводск;Ставропольский край;Северо-Кавказский;22863;1810
3649ce92-3e57-46e8-b5d2-d9357606ebb6;Железногорск;Красноярский край;Сибирский;82723;1950
b9c86850-dcc9-4269-9c5b-b5782d59e6e8;Железногорск;Курская область;Центральный;97038;1957
9652188e-940a-4168-8b42-b89f44850232;Железногорск-Илимский;Иркутская область;Сибирский;21621;1948
c70e16af-e3cd-4aa6-b5bd-e2d2177dcef8;Жердевка;Тамбовская область;Центральный;13883;1745
0996bc51-83c9-4673-be9c-cc0479eba8f5;Жигулёвск;Самарская область;Приволжский;50466;1949
ba7945ee-92e1-4f80-a2a8-a5d6c1dc6416;Жиздра;Калужская область;Центральный;5545;1146
f5d1f955-a2c7-49cd-80ba-112c7ff8d981;Жирновск;Волгоградская область;Южный;15555;XVIII век
ba43e3bb-6b01-4ece-83d8-941ca44ed43d;Жуков;Калужская область;Центральный;16224;XVII век
50095aa7-8e4f-47ca-b6f0-363b70d573f7;Жуковка;Брянская область;Центральный;17628;1871
6c0eb829-dd69-4e65-be4d-39118072c81c;Жуковский;Московская область;Центральный;111222;1935
d1f153a6-e5c3-4d4e-ad2f-1856656175de;Завитинск;Амурская область;Дальневосточный;9615;1906
ce2a33d8-877b-42cf-802e-545e7b39113e;Заводоуковск;Тюменская область;Уральский;27100;1729
d57b3e18-e38b-4a1e-982c-1389a766da6a;Заволжск;Ивановская область;Центральный;8896;XIX век
e3fd2cca-61d3-40a7-b755-525fbbcf7618;Заволжье;Нижегородская область;Приволжский;36763;1947
0300a318-125e-4cc5-b3ac-8c135555fd82;Задонск;Липецкая область;Центральный;9887;1615
12bcb263-225b-4135-8123-6e96843b3681;Заинск;Татарстан;Приволжский;39739;1656
2847ee87-947b-471e-b7d4-7440889164af;Закаменск;Бурятия;Сибирский;11365;1934
bb2c00c9-ca6e-4547-92bb-8303fe633fed;Заозёрный;Красноярский край;Сибирский;10573;1776
056c7277-857d-4a4d-a0dd-3b75932b2c4d;Заозёрск;Мурманская область;Северо-Западный;7762;1958
8a39ab1a-cac0-4f6b-9c7b-49907c3d3c5f;Западная Двина;Тверская область;Центральный;7869;1900
b15f1d23-11ca-415a-847b-0bba0e17f220;Заполярный;Мурманская область;Северо-Западный;14791;1956
cf989dd8-8e6a-49d2-8d9a-bf5d687783ac;Зарайск;Московская область;Центральный;20736;1146
2201297d-f05a-442d-aef9-b049ff709e4d;Заречный;Пензенская область;Приволжский;58510;1958
cd6c7a80-8794-43c9-88ac-39d025566005;Заречный;Свердловская область;Уральский;28112;1955
cd3f1af9-1060-4b8a-9566-a31d1fe217d6;Заринск;Алтайский край;Сибирский;41272;1748
8a32804d-67c6-403d-bd81-54886a9901d7;Звенигово;Марий Эл;Приволжский;10994;1860
93b98b2b-d86c-4735-b9d8-9aa96710ccc0;Звенигород;Московская область;Центральный;35842;1152
abab3000-fe91-4696-b4c8-ddd6f50f9032;Зверево;Ростовская область;Южный;19353;1819
ac11a243-5c46-4f01-a73a-981902be95f4;Зеленогорск;Красноярский край;Сибирский;54279;1956
1cfc5b04-e90f-4922-b4c9-46fcb321b201;Зеленоградск;Калининградская область;Северо-Западный;16625;1252
5f4bb563-b5f1-47d5-97fd-9e12037571c4;Зеленодольск;Татарстан;Приволжский;99137;1865
500b5bef-d759-4c14-9fc1-0a284c9e023a;Зеленокумск;Ставропольский край;Северо-Кавказский;33187;1781
2d9647e3-3c6c-4191-a913-fa828ce1c7d6;Зерноград;Ростовская область;Южный;24076;1929
d70ba7b8-0c56-4577-a189-b2d557613278;Зея;Амурская область;Дальневосточный;19414;1879
1f84a88a-2b20-4fa9-a2d1-89a71f7dd414;Зима;Иркутская область;Сибирский;30640;1743
3b65bfca-4e48-4270-bc67-f85b9baa13bd;Златоуст;Челябинская область;Уральский;161774;1754
7593ba1e-2d38-4e43-b662-bae3fefbc36c;Злынка;Брянская область;Центральный;5270;1702
6766a8a2-1d19-41ba-9468-8519ee2564fa;Змеиногорск;Алтайский край;Сибирский;9410;1736
a29e4c9c-4514-4d85-a565-dc05cc70db43;Знаменск;Астраханская область;Южный;24628;1948
d6eb95c9-051b-473d-9f9b-1096683aacfb;Зубцов;Тверская область;Центральный;6217;1216
8ac7c472-8a46-4185-8e88-cb2019697d41;Зуевка;Кировская область;Приволжский;9767;1899
6df3cec0-143b-4e85-8e78-f53aefe13fad;Ивангород;Ленинградская область;Северо-Западный;9861;1492
16cbf8f7-bc14-4011-9d71-abf6c0c1277b;Иваново;Ивановская область;Центральный;361644;1561
6209bd26-ee9a-4917-8905-9355c8ea3685;Ивантеевка;Московская область;Центральный;82827;1564
4dd83e32-fcfd-4a89-a06d-1fc1e2db45d6;Ивдель;Свердловская область;Уральский;14306;1831
1b629863-ffb6-4bbe-aafc-92d0bdc04fa2;Игарка;Красноярский край;Сибирский;3634;1929
40472319-6b3e-43a1-a638-53578a7fd7cd;Ижевск;Удмуртия;Приволжский;623472;1760
6d7e670b-0f6c-4253-a52c-f23c4ec76df0;Избербаш;Дагестан;Северо-Кавказский;55996;1932
4d810da7-a231-4491-8cfe-8b7e9373dc98;Изобильный;Ставропольский край;Северо-Кавказский;38614;1895
5d2f66dc-b5ea-48d4-b375-16189e6931ca;Иланский;Красноярский край;Сибирский;15945;1646
15a59bab-a368-4629-983b-07adbea68097;Инза;Ульяновская область;Приволжский;16293;1897
844c08f6-7838-4646-a29d-7ecac42376bd;Иннополис;Татарстан;Приволжский;3955;2012
19ea51cd-bf65-45a5-8510-0eb319caafd6;Инсар;Мордовия;Приволжский;7920;1648
b104b314-65d8-4349-b45a-2cdfa7c8a7d4;Инта;Коми;Северо-Западный;20271;1940
623bcbba-c031-4499-80a0-062bba36b15d;Ипатово;Ставропольский край;Северо-Кавказский;26122;1860
b39ee9b4-e7cd-4bff-9e7b-f0b443b1217d;Ирбит;Свердловская область;Уральский;37009;1631
2b9c14ab-6675-4416-a87e-a18578afb7ab;Иркутск;Иркутская область;Сибирский;617264;1661
73cc4da6-f5dd-4a50-bd36-653f98614d0e;Исилькуль;Омская область;Сибирский;20515;1895
b1cc6d4a-0782-427d-9af2-e490bcd7839e;Искитим;Новосибирская область;Сибирский;57147;1717
3bc52482-6803-4ce5-9055-75194ac9e732;Истра;Московская область;Центральный;37474;1589
5eb4b609-9d0c-4410-80c4-59d03b268d83;Ишим;Тюменская область;Уральский;67614;1687
bbb1878f-8052-4459-a751-821635114626;Ишимбай;Башкортостан;Приволжский;64041;1932
2851990f-6dcc-4c55-bceb-a311a70bae9a;Йошкар-Ола;Марий Эл;Приволжский;281248;1584
97b76536-73fe-4698-ab74-1242b6a12207;Кадников;Вологодская область;Северо-Западный;4106;1492
d7ab402c-2f8a-4997-be81-cb36fe56641d;Казань;Татарстан;Приволжский;1308660;1005
55346dcb-eab5-47dd-a67a-7e654fa415de;Калач;Воронежская область;Центральный;17624;1716
68dd00a0-b084-421c-ba44-b26bedd113c6;Калач-на-Дону;Волгоградская область;Южный;24277;1708
403baadf-6a77-4ef0-9afd-37c35b700757;Калачинск;Омская область;Сибирский;21378;1952
06907edb-75cf-4611-854f-e7442565f1cf;Калининград;Калининградская область;Северо-Западный;490449;1255
2527fb7a-3ca1-45c0-8a22-4b93a80fe045;Калининск;Саратовская область;Приволжский;14949;1680
bb86853f-0cb9-4665-aef8-b187ae1221cb;Калтан;Кемеровская область;Сибирский;21752;1946
14012d47-a495-4324-87c6-23f5303183d6;Калуга;Калужская область;Центральный;337058;1371
5def5e2a-c6c1-4f9c-b23b-6330a3293c4b;Калязин;Тверская область;Центральный;12621;1434
b4604cbc-4eb5-4f68-9c47-bdf8fac87423;Камбарка;Удмуртия;Приволжский;10080;1767
f55a691e-3303-414c-bb6f-2a508beb4973;Каменка;Пензенская область;Приволжский;33491;XVIII век
4e790cfe-75fd-4054-85df-03d3c3e1b33c;Каменногорск;Ленинградская область;Северо-Западный;7160;1597
ba8b665b-786f-4d6e-80a6-04b826710f5b;Каменск-Уральский;Свердловская область;Уральский;164192;1682
6525f049-9733-45aa-b21d-e1c299963fb0;Каменск-Шахтинский;Ростовская область;Южный;86365;1671
c9d45af3-8c23-457f-83c0-50dff2a42412;Камень-на-Оби;Алтайский край;Сибирский;32385;1751
b62c43f7-aa31-4f3a-86a8-c45d2b52347a;Камешково;Владимирская область;Центральный;12028;1892
e55f01b5-faef-4c03-b455-7d08b8f4350f;Камызяк;Астраханская область;Южный;16154;1560
fac2d862-7e24-4c31-888f-c624e286a62b;Камышин;Волгоградская область;Южный;107927;1668
e4fbbbd0-8c7c-48f5-9e27-1496cda3d7ac;Камышлов;Свердловская область;Уральский;27117;1668
095b41f3-ecb8-4cd7-876d-b999d7f2b175;Канаш;Чувашия;Приволжский;44354;1892
54e051dd-f3b5-4a32-ae2b-9d15c26be73c;Кандалакша;Мурманская область;Северо-Западный;29138;1517
2a743018-2a19-4a3f-9a51-d8c2cd53043a;Канск;Красноярский край;Сибирский;86816;1636
7504a5ed-c709-490c-bda1-7ef76c00af6b;Карабаново;Владимирская область;Центральный;13150;1630
fec98e7f-95ef-4116-9dd8-dbea2bf6ebf6;Карабаш;Челябинская область;Уральский;10514;1822
3e2f1a7f-c76d-47db-aa89-9732ce04fdfd;Карабулак;Ингушетия;Северо-Кавказский;43037;1859
946fc23e-edfe-4b0d-bdf1-18e4fb3d52f6;Карасук;Новосибирская область;Сибирский;24890;1912
efdb870e-c0aa-434b-9186-dc017b90a81d;Карачаевск;Карачаево-Черкесия;Северо-Кавказский;23867;1926
ec42e0b0-d7c3-4876-83d1-24ee122568d7;Карачев;Брянская область;Центральный;17449;1146
f3c27afa-048c-4eff-9051-ae1df7f115d8;Каргат;Новосибирская область;Сибирский;8316;XVIII век
ac69a01d-40c4-46ff-8e8e-2b48c44850f6;Каргополь;Архангельская область;Северо-Западный;8849;1447
23fedd41-5712-4d35-b020-cdd2f06a26e4;Карпинск;Свердловская область;Уральский;25879;1759
d5af842e-90fb-44dd-8907-f483ccd65485;Карталы;Челябинская область;Уральский;27103;1810
245ca6ed-4bf2-41ef-84d8-014d79c0b978;Касимов;Рязанская область;Центральный;28443;1152
97d6539f-8f23-4a96-a8d6-a06df06e4dda;Касли;Челябинская область;Уральский;15383;1747
76445d58-ebf3-43b3-896e-65467c254672;Каспийск;Дагестан;Северо-Кавказский;121140;1932
66050073-35a3-46cb-a2fb-a56288e84e48;Катав-Ивановск;Челябинская область;Уральский;14663;1755
5366097b-6e51-41c3-b63c-fb256e5acd48;Катайск;Курганская область;Уральский;11881;1655
5b2966b4-8cc9-43a9-ad30-d0a78e4c00f3;Качканар;Свердловская область;Уральский;37307;1957
ac8609ed-cd3b-4de3-8860-10446b2df2fd;Кашин;Тверская область;Центральный;14113;1238
19704afc-8904-4704-b0a4-b3ac09094eed;Кашира;Московская область;Центральный;45922;1356
3aef0ba2-65ac-4790-89f1-26f9f5201cb9;Кедровый;Томская область;Сибирский;1818;1982
5ce71320-75e4-47fc-a5b2-8f9166e77ad9;Кемерово;Кемеровская область;Сибирский;557119;1918
597c3020-cfc5-41d1-8a60-0e97b358eb0c;Кемь;Карелия;Северо-Западный;10018;XIV век
a7520184-0428-4387-beda-d7458c10823b;Керчь;Крым;Южный;154621;VII—VI век до н. э.
afde59c8-c288-404a-98b8-74a90306d70a;Кизел;Пермский край;Приволжский;15619;1750
ad688daf-0211-4fc0-a115-d7638fd0640c;Кизилюрт;Дагестан;Северо-Кавказский;38335;1927
3a8f41b6-50f8-4b0e-9604-04ea20c09a50;Кизляр;Дагестан;Северо-Кавказский;49999;1735
b16b8326-e57e-415d-a72a-249df7b82d4a;Кимовск;Тульская область;Центральный;26475;XVII век
bc9ae937-c9a0-4817-a563-c5fda2a63bff;Кимры;Тверская область;Центральный;40875;1546
178042f7-b081-4b86-ad94-4e919a8b117a;Кингисепп;Ленинградская область;Северо-Западный;49716;1384
a2b2f13e-4aeb-4299-bdd2-82d3714395b3;Кинель;Самарская область;Приволжский;36729;1837
4a571138-a631-41c3-8278-157c797d2cac;Кинешма;Ивановская область;Центральный;77694;1429
b6aac89c-4171-4955-97e2-6b158ad74866;Киреевск;Тульская область;Центральный;25560;1762
d1626d6d-10e4-4054-b8a1-7254944ec8f5;Киренск;Иркутская область;Сибирский;10998;1630
c88d7aa6-2c45-46ad-918d-2fdf675550b3;Киржач;Владимирская область;Центральный;27318;1332
672ee48e-33e5-4b8c-a0fa-ab6e2cad4d3e;Кириллов;Вологодская область;Северо-Западный;7149;1397
c861ddf7-813b-4f45-96f0-256eb83bb33f;Кириши;Ленинградская область;Северо-Западный;51028;1693
9aff9526-e755-4e8e-be4e-6998df74944e;Киров;Калужская область;Центральный;28097;1745
7be7c3c9-a4c7-43de-aaf6-8440684039f4;Киров;Кировская область;Приволжский;468212;1181
cb3597bb-9cc5-4231-a210-57c65e51e759;Кировград;Свердловская область;Уральский;18698;1661
7de4a39b-989f-4bb3-862c-181fba20c6eb;Кирово-Чепецк;Кировская область;Приволжский;66651;1935
3fea4890-068a-4dc7-a506-08b2c4c6919f;Кировск;Ленинградская область;Северо-Западный;27238;1931
bddb0111-3a56-4ab3-97fa-55a310275f9f;Кировск;Мурманская область;Северо-Западный;24857;1929
3e20684f-b2a5-4daf-9fa1-f13e7919f527;Кирс;Кировская область;Приволжский;8982;1729
96652756-f0c8-44b5-939b-2d45ec77d76c;Кирсанов;Тамбовская область;Центральный;16164;1702
26e271ed-c84c-4ac2-b206-9591c0ab5dca;Киселёвск;Кемеровская область;Сибирский;83431;1917
421c2ab9-215f-4d0f-bf8e-650f0c9e0581;Кисловодск;Ставропольский край;Северо-Кавказский;127521;1803
e1581409-8927-4fa5-a257-b94ddab71db0;Клин;Московская область;Центральный;88511;1317
f74efbf2-c6ee-4fc1-b313-a25581f489b0;Клинцы;Брянская область;Центральный;63059;1707
325e2b91-471a-4ab7-96ea-bf2a2d6df55d;Княгинино;Нижегородская область;Приволжский;6447;1569
4a134a85-1176-418c-a754-05b8a0f9c557;Ковдор;Мурманская область;Северо-Западный;15770;1953
1dde2d6d-be20-488f-8c8a-22189d1513f0;Ковров;Владимирская область;Центральный;132417;XII век
03da2caf-3830-41fd-8abe-faed39b041f4;Ковылкино;Мордовия;Приволжский;19793;1892
d8d76e43-5fe5-4b8a-8a1b-3e48c7543a5b;Когалым;Ханты-Мансийский АО;Уральский;61441;1975
76086fbe-0426-4823-97e7-d7c808614b7a;Кодинск;Красноярский край;Сибирский;13324;1977
4571ebb8-9a9b-4cf6-84c7-cbccacad8b44;Козельск;Калужская область;Центральный;16759;XII век
0a34ce4a-e847-41d3-b1ef-54ba75e878a9;Козловка;Чувашия;Приволжский;7781;1671
8427cb58-fee8-49e0-9565-b4e7c4fe4114;Козьмодемьянск;Марий Эл;Приволжский;19731;1583
1d81950c-347d-41a2-bb00-7fa6301528c1;Кола;Мурманская область;Северо-Западный;9016;1517
150b522d-c7c3-40bb-9e63-167a3534dd2d;Кологрив;Костромская область;Центральный;2468;XVII век
7ea45679-4c13-455b-9043-9d859fe88ee5;Коломна;Московская область;Центральный;134850;1177
8583bc95-028c-49fe-aaf7-106af99ce0c0;Колпашево;Томская область;Сибирский;20824;XVII век
20d7adeb-e059-4e19-be50-003577e191c0;Колтуши;Ленинградская область;Северо-Западный;14052;1500
448b66b3-c5a0-4c4a-ae6e-1db8b873795e;Кольчугино;Владимирская область;Центральный;39410;1871
837c4784-921d-4c74-8e61-f252dbf892ee;Коммунар;Ленинградская область;Северо-Западный;25793;1843
0b7a569c-ec2d-472c-b5ef-049905a6e6c4;Комсомольск;Ивановская область;Центральный;8364;1931
148d630c-ac78-433f-8c02-2b4dc26824ec;Комсомольск-на-Амуре;Хабаровский край;Дальневосточный;238505;1860
8f830f36-8e41-410a-acfd-e769df0e44b3;Конаково;Тверская область;Центральный;33560;1806
24c5b1b7-e3a4-47e6-bde4-c14f8dae3012;Кондопога;Карелия;Северо-Западный;25851;1563
fe18ae26-5c18-4aa9-93b8-d209d88608b3;Кондрово;Калужская область;Центральный;15734;1615
422bba12-9838-4f76-a179-5bdd81ffb997;Константиновск;Ростовская область;Южный;17207;1593
a9d5e696-f66b-4ccc-a749-b2c4ff6faa57;Копейск;Челябинская область;Уральский;147806;1907
2fcde04b-f224-42b8-9c93-a2b9b2274acf;Кораблино;Рязанская область;Центральный;10334;1676
efab709e-2ccf-4d7c-ae63-4c0dd8f99977;Кореновск;Краснодарский край;Южный;41826;1794
152b5d83-1789-471a-9490-b5a74b28515d;Коркино;Челябинская область;Уральский;37224;1795
7605b484-db21-410a-8601-9753b4bcbff1;Королёв;Московская область;Центральный;228095;1938
b0ed26f9-0f97-466d-a6c5-e1ad9f7c6055;Короча;Белгородская область;Центральный;5623;1637
a60da5ef-a5d3-4f0b-8097-5bc6f37eea64;Корсаков;Сахалинская область;Дальневосточный;33950;1853
8dd0d3ca-e38e-469c-9d70-6f23dfa52aa3;Коряжма;Архангельская область;Северо-Западный;34523;1535
4b496b47-02eb-490b-b56a-33b07c650767;Костерёво;Владимирская область;Центральный;7113;1890
ee34a200-440b-484e-8470-a4006cedf583;Костомукша;Карелия;Северо-Западный;26048;1977
fd9acf04-e80e-47d9-bf77-2d096c6ba1f0;Кострома;Костромская область;Центральный;267481;1152
9b71608b-46b8-474f-bc3e-6d6681c53462;Котельники;Московская область;Центральный;63728;XVII век
3cc90eeb-e4f6-44cb-ae46-af1be268eb9f;Котельниково;Волгоградская область;Южный;22016;1897
a7666943-3d9d-4c56-ba75-4b36746546b5;Котельнич;Кировская область;Приволжский;20144;1143
75295373-11cd-469f-a403-52db6f21f533;Котлас;Архангельская область;Северо-Западный;56093;1617
54c80139-d6ff-434a-9f27-9e8b82b90409;Котово;Волгоградская область;Южный;21028;1710-е
d930f463-7a07-448c-b719-03a1c98751a2;Котовск;Тамбовская область;Центральный;26694;1940
8f812f10-3f12-4ebd-90a3-f05068f334c9;Кохма;Ивановская область;Центральный;30940;1619
6c4dc929-c69a-424b-9f27-427a26e940de;Красавино;Вологодская область;Северо-Западный;5601;1848
f666d479-6c93-41ed-8a67-478fb1cfb9e6;Красноармейск;Московская область;Центральный;26492;1928
2bbbda14-4302-48a4-82b7-496856615560;Красноармейск;Саратовская область;Приволжский;21350;1765
ad4eab8e-3bfa-4ddd-b00f-8cbb5b7dbe7d;Красновишерск;Пермский край;Приволжский;14460;1894
c40d035e-afdf-43b9-9647-dfcb96aa8a73;Красногорск;Московская область;Центральный;187634;1932
8a57e5a3-9b7e-417d-84b1-4d4195534ae4;Краснодар;Краснодарский край;Южный;1099344;1793
00a4c574-bd4f-4727-8bfa-e87428388650;Краснозаводск;Московская область;Центральный;14639;1916
2e3c34fc-9053-41cf-a3d4-d6510b557f1b;Краснознаменск;Калининградская область;Северо-Западный;3419;1576
3e806063-214a-4805-827c-24322b274571;Краснознаменск;Московская область;Центральный;43868;1952
70e8cfdc-3ed2-4135-95ea-fbd5c011539f;Краснокаменск;Забайкальский край;Сибирский;51137;1967
1fe7de06-0131-4f8d-a6eb-37cffc40e73c;Краснокамск;Пермский край;Приволжский;48778;1929
ea03f776-1702-4688-818f-bea3d2bc8756;Красноперекопск;Крым;Южный;25569;1932
6827f471-3cec-46bc-848e-fd2eb2110eb1;Краснослободск;Волгоградская область;Южный;16545;1870
c0db9427-5a20-48bf-833b-9e8950accb3c;Краснослободск;Мордовия;Приволжский;8910;1571
86455e99-a0d4-424e-8468-05ac1a24bf12;Краснотурьинск;Свердловская область;Уральский;55875;1758
11f17bec-66fd-4ed1-8c82-582032314ccc;Красноуральск;Свердловская область;Уральский;21507;1925
63c1e5a8-f8a3-4bef-9b85-378016e70124;Красноуфимск;Свердловская область;Уральский;37301;1736
df8398d5-557d-4c85-86fb-f620ce799c53;Красноярск;Красноярский край;Сибирский;1187771;1628
b6d1c8fb-8c2e-4090-9604-54e4713e2f3c;Красный Кут;Саратовская область;Приволжский;14296;1837
f5ed5286-c9c9-4565-90b9-b210261e4c88;Красный Сулин;Ростовская область;Южный;35697;1797
493fd56b-70d7-4547-b36f-bf29d0126cb6;Красный Холм;Тверская область;Центральный;4998;1518
dce11f1a-86d0-4c39-805f-01e1d2a0d782;Кремёнки;Калужская область;Центральный;11745;XVIII век
874d0c61-15f9-45a3-a72c-f6549d40d5f6;Кропоткин;Краснодарский край;Южный;75858;1879
df216306-61a9-43c3-9210-928f16cee3d9;Крымск;Краснодарский край;Южный;54597;1862
7945723c-0a81-4b12-89c0-cba0212a8be5;Кстово;Нижегородская область;Приволжский;63646;XIV век
b318d716-5d12-4185-95bd-6311a3abe19d;Кубинка;Московская область;Центральный;23146;XV век
9d8251dd-3242-4457-bcef-a408d8368a30;Кувандык;Оренбургская область;Приволжский;26596;XIX век
d9fe5579-0a53-4461-8b53-fa553ccd9f68;Кувшиново;Тверская область;Центральный;9262;1910
44a181a5-bebc-46a5-bcf8-12f62cf8c744;Кудрово;Ленинградская область;Северо-Западный;60791;1926
c800eb27-c802-4d4b-b544-0c64f1f2d35a;Кудымкар;Пермский край;Приволжский;28293;1579
5cbae502-7f75-4a1c-acd5-a1643630c621;Кузнецк;Пензенская область;Приволжский;78390;1699
3a036616-011e-42ae-91f6-db0c77740b1a;Куйбышев;Новосибирская область;Сибирский;41946;1722
12fed429-34eb-478b-a42e-723ca4eb0fb9;Кукмор;Татарстан;Приволжский;17886;1741
dea4b19c-9115-417f-af7d-56056d0321e5;Кулебаки;Нижегородская область;Приволжский;32184;1677
8ce2e375-d1f8-4643-9ac6-a9b84effcc5b;Кумертау;Башкортостан;Приволжский;57949;1947
c8acb228-2872-4eb4-8236-1f6065ae7841;Кунгур;Пермский край;Приволжский;62673;1663
b6a08f70-6866-4a8f-a9e9-1d6dd355fb49;Купино;Новосибирская область;Сибирский;15065;1886
4c60b794-0d0d-4395-a760-22db4a646c34;Курган;Курганская область;Уральский;310911;1679
d205590e-0e74-4ee1-b418-0ab1b2fe830f;Курганинск;Краснодарский край;Южный;47305;1855
08945f29-1beb-4136-aa87-e6badcd8f1e2;Курильск;Сахалинская область;Дальневосточный;2530;XVIII век
4b64a32d-c15d-49ba-8bb0-041a2eee9f7b;Курлово;Владимирская область;Центральный;6309;1811
d5c8e648-b4cc-4feb-99ac-dc4468f0994a;Куровское;Московская область;Центральный;19857;1646
d16fa4aa-6965-47c4-bdc4-753bb3e163d2;Курск;Курская область;Центральный;440052;1032
f25293f5-ab35-42ca-bbb2-742dfd066592;Куртамыш;Курганская область;Уральский;14806;1745
abec832b-7b7f-4f18-9d01-e3972f262dd2;Курчалой;Чечня;Северо-Кавказский;23425;1860
c11774d1-f39e-400a-8954-0761cf2e3c32;Курчатов;Курская область;Центральный;40318;1968
4bf98a56-f02b-4dd1-9d27-552165149322;Куса;Челябинская область;Уральский;17136;1778
d7aad1eb-163a-4a97-9edd-3d869960e709;Кушва;Свердловская область;Уральский;27306;1735
bd1e2d0a-1149-4e7e-bfec-34696be2aa45;Кызыл;Тыва;Сибирский;125241;1914
304097e8-db1b-44a4-bcc5-109d50215ce0;Кыштым;Челябинская область;Уральский;36045;1757
21a00c3a-4a03-4860-9e2a-2c00aea4b651;Кяхта;Бурятия;Сибирский;17877;1727
36ceab35-e2be-4a7a-bb2e-1344b9091e6c;Лабинск;Краснодарский край;Южный;57428;1841
a89e2537-df2b-4d96-9e2d-59421f25c7ad;Лабытнанги;Ямало-Ненецкий АО;Уральский;25501;1890
cb4dcc01-d87b-46d2-9c89-b3b8fca12ade;Лагань;Калмыкия;Южный;13834;1870
7560d528-c8a2-4926-8f4b-7dab26cf3aaa;Ладушкин;Калининградская область;Северо-Западный;3666;1314
781f262b-a0f3-4400-9a6d-deaae92b99c0;Лаишево;Татарстан;Приволжский;9076;1557
467518ec-0733-4540-94b2-b80954d184c8;Лакинск;Владимирская область;Центральный;12861;XV век
22bd27c5-9390-4a14-bd84-1ee212d9dfe8;Лангепас;Ханты-Мансийский АО;Уральский;42701;1980
e5289d66-00e2-44b6-b3f2-79fe8ee74c57;Лахденпохья;Карелия;Северо-Западный;5952;1600
ca41a190-45c1-4135-b385-83841022abff;Лебедянь;Липецкая область;Центральный;20049;1605
0f9790c9-4e20-4ae5-9205-ad18a2ba85d4;Лениногорск;Татарстан;Приволжский;60993;1795
78959797-a3fd-4630-90d8-de40b62b087b;Ленинск;Волгоградская область;Южный;13391;1802
49ef9e46-e770-45ad-a087-d4a56472a66f;Ленинск-Кузнецкий;Кемеровская область;Сибирский;92244;1763
778334e3-117e-49f8-ab7a-b04843004ddf;Ленск;Якутия;Дальневосточный;21392;1663
a02c110b-347f-497c-8d1e-a2eed84e9f03;Лермонтов;Ставропольский край;Северо-Кавказский;22444;1953
06af91a1-b66a-4ef4-94ba-9d0b073bb3c3;Лесной;Свердловская область;Уральский;48261;1947
5832bf1b-2e4f-4f2a-ac95-0078ac673c22;Лесозаводск;Приморский край;Дальневосточный;35433;1932
c7fac109-a5f4-4315-82d9-2ecaf6315ee7;Лесосибирск;Красноярский край;Сибирский;55730;1975
6e54befb-a02e-43cd-b286-ba01eae12703;Ливны;Орловская область;Центральный;43549;1586
0a52abc7-55e3-419a-a88f-5b239ec8b215;Ликино-Дулёво;Московская область;Центральный;34191;1930
6725357c-d9de-45dd-92b7-f82daefcccd6;Липецк;Липецкая область;Центральный;496403;1703
3c68c543-31b0-45e9-8285-4fb1e98784b8;Липки;Тульская область;Центральный;8325;XVII век
657075b9-8cf8-49d3-b3e1-4550a90a4271;Лиски;Воронежская область;Центральный;54147;XVI век
e5a1f6e5-d689-4104-a681-7159eee50260;Лихославль;Тверская область;Центральный;11017;1624
417d1a49-6544-43b0-8ef1-c4d7a507c615;Лобня;Московская область;Центральный;82764;1902
cc44ed8f-913c-4e56-be9d-32c665199481;Лодейное Поле;Ленинградская область;Северо-Западный;18905;1702
c0a3d567-623c-45a7-b7b7-5c07d260dd50;Лосино-Петровский;Московская область;Центральный;29000;1708
25da082d-4767-4d4a-b872-bb59cec94d37;Луга;Ленинградская область;Северо-Западный;38407;1777
44469704-0a28-4613-a3a1-8b4aadbff787;Луза;Кировская область;Приволжский;9122;1899
49d5939e-8608-40c7-96c3-dffdefaa7f2c;Лукоянов;Нижегородская область;Приволжский;12652;XVI век
4a87804a-b72f-4158-996c-2bde17d2cd7a;Луховицы;Московская область;Центральный;29889;1594
ca6b8087-ceb5-4c2a-932b-771b1d092422;Лысково;Нижегородская область;Приволжский;21657;1410
6d309a54-934b-467a-a85d-d3d8f30b0c4e;Лысьва;Пермский край;Приволжский;53855;1785
bc24331f-7a71-4445-bc52-e9a6bbe873f2;Лыткарино;Московская область;Центральный;65212;1429
9d704a31-c0d5-493b-8e4a-59ffc3316642;Льгов;Курская область;Центральный;17557;1152
2212276b-3a31-4cf3-ab03-04f41f92b9d3;Любань;Ленинградская область;Северо-Западный;4565;1499
65d2141d-595f-46a7-90f0-c1783cb0ab30;Люберцы;Московская область;Центральный;224195;1623
f48c653c-553a-4a4e-9b03-2450e54491df;Любим;Ярославская область;Центральный;5037;1538
dd452307-ac6f-4c1d-a9ab-50849b78a5df;Людиново;Калужская область;Центральный;35874;1626
a87cc0bd-f05b-4417-a658-ac3dc279b9c2;Лянтор;Ханты-Мансийский АО;Уральский;40977;1932
4eed0ffd-009b-48de-86d1-7d8004394c5a;Магадан;Магаданская область;Дальневосточный;90757;1929
d42b1760-76ec-4af1-8151-d9f7800c600a;Магас;Ингушетия;Северо-Кавказский;15271;1994
e659f6b4-96e6-4324-b5b7-496d87a00969;Магнитогорск;Челябинская область;Уральский;410594;1929
7f805706-9a57-4552-a036-e8a395fa82ec;Майкоп;Адыгея;Южный;143385;1857
999c574c-eee7-4697-8e34-db137a27d94b;Майский;Кабардино-Балкария;Северо-Кавказский;26632;XIX век
f0c59b62-3bae-4011-9a96-0756965320de;Макаров;Сахалинская область;Дальневосточный;5848;1892
3a288834-09cd-4838-afcd-d427972ddc2b;Макарьев;Костромская область;Центральный;5528;1439
963dbc96-f57c-4c01-8228-3ea68180f29c;Макушино;Курганская область;Уральский;6827;1797
bd3c3a63-fb27-4682-ae94-21ca9e6dd3b2;Малая Вишера;Новгородская область;Северо-Западный;9996;1843
6dee6361-b371-4c2b-90de-d8a837101bc9;Малгобек;Ингушетия;Северо-Кавказский;36480;1934
9341b1a9-3111-403a-ae7d-d00cdd0e1616;Малмыж;Кировская область;Приволжский;6931;XV век
141f88d8-fe0f-4e80-8f17-0435b5eb1970;Малоархангельск;Орловская область;Центральный;3609;XVII век
127af5d9-94a8-473e-badc-3947611395a7;Малоярославец;Калужская область;Центральный;41836;1402
2995b2bf-1cfe-447c-a0c8-bb07b9c4504d;Мамадыш;Татарстан;Приволжский;15726;1391
59efb7ee-7795-4198-b5c5-cd9a4d977656;Мамоново;Калининградская область;Северо-Западный;8314;1301
d05a9694-c01a-4f38-82e2-c5811ea40956;Мантурово;Костромская область;Центральный;13043;1617
10c14388-9fe8-4878-b1b9-aabde39dfbcc;Мариинск;Кемеровская область;Сибирский;40779;1698
b9ebe0ac-151f-4c08-9c10-e1b4bc36a9e5;Мариинский Посад;Чувашия;Приволжский;7851;1620
e3976681-79f1-42ba-bbd1-dccbe90c2f00;Маркс;Саратовская область;Приволжский;28749;1765
fda11f2f-d156-4935-8318-74a9f0cecaa7;Махачкала;Дагестан;Северо-Кавказский;623254;1844
1da4534b-1d68-4642-bb32-2eb91ca1594f;Мглин;Брянская область;Центральный;6919;1387
2dc017ae-94a8-4f0d-afa6-f3f55d8d32ee;Мегион;Ханты-Мансийский АО;Уральский;52887;1810
27ff7138-378d-4302-84ff-e3e873ae5d4e;Медвежьегорск;Карелия;Северо-Западный;11962;1916
6a27c3ef-a110-4091-9ccc-5f8eb63bf54f;Медногорск;Оренбургская область;Приволжский;23693;1933
258c4e29-8e57-4d5d-99ca-c51959eeeaf1;Медынь;Калужская область;Центральный;8200;1386
d4427f1f-6305-4cf7-8889-c609af144276;Межгорье;Башкортостан;Приволжский;15697;1979
05607855-d945-4601-9a7c-5b0fbf48a748;Междуреченск;Кемеровская область;Сибирский;96174;1946
d3d281ea-44f8-4878-b303-95c4bc181ad9;Мезень;Архангельская область;Северо-Западный;2874;XVI век
de8c8a5c-7cf3-4dff-b452-e3577b3627bd;Меленки;Владимирская область;Центральный;13407;XVIII век
061ef663-4f33-44e9-9047-1a3b66a29142;Мелеуз;Башкортостан;Приволжский;56505;1766
cccf7bc0-130a-4333-a4ad-d02b6e16ad86;Менделеевск;Татарстан;Приволжский;22875;1868
7627d8fb-468e-4888-bfc4-75445f260989;Мензелинск;Татарстан;Приволжский;16008;1586
27a5df93-eb17-4176-a535-3935c35d5521;Мещовск;Калужская область;Центральный;3810;1238
2e29ea09-e458-4a52-a48e-2a0763158d2e;Миасс;Челябинская область;Уральский;147995;1773
592dfdbc-1fb8-4b49-b651-51e53a26ac65;Микунь;Коми;Северо-Западный;8527;1937
023d00f3-e7fa-42c8-bd13-1e00e16f394b;Миллерово;Ростовская область;Южный;34841;1786
692d156b-a91d-4b7a-9a71-2a93fb6b334f;Минеральные Воды;Ставропольский край;Северо-Кавказский;70485;1878
eafceae1-525c-4811-8f12-9376c5f90e31;Минусинск;Красноярский край;Сибирский;70089;1739
94f390ba-c98e-439d-b9a7-59a5195a56c8;Миньяр;Челябинская область;Уральский;8500;1771
c641dd95-b443-4aeb-ad34-dbc892caf874;Мирный;Якутия;Дальневосточный;34045;1955
20198684-712e-47a8-938e-28effc0b2f4c;Мирный;Архангельская область;Северо-Западный;27262;1957
f7477e6c-5674-407f-98e5-bed74dac7be1;Михайлов;Рязанская область;Центральный;10303;1137
380e8c6d-4a9f-4c22-8645-c34daf4fe31a;Михайловка;Волгоградская область;Южный;56031;1762
932b490f-94ff-4efd-94b0-1a7c6bdafb06;Михайловск;Свердловская область;Уральский;9756;1805
73b24ef2-478c-404e-a195-38311abda255;Михайловск;Ставропольский край;Северо-Кавказский;114133;1784
09759a65-a26e-497f-a23b-5623244d348f;Мичуринск;Тамбовская область;Центральный;90451;1635
a27be7bb-8f83-444d-b23e-ecfebc9524f9;Могоча;Забайкальский край;Сибирский;12390;1910
740309e0-f643-4e4c-9ee2-eb759bb69754;Можайск;Московская область;Центральный;33880;1231
28d9c0d8-4284-4357-afc2-634d08b084e5;Можга;Удмуртия;Приволжский;44345;1835
4008d0d9-ed84-4592-97c9-1ae28324c825;Моздок;Северная Осетия;Северо-Кавказский;36784;1763
7774eb91-a0b0-4cbd-a2b8-7ba88315ff99;Мончегорск;Мурманская область;Северо-Западный;39962;1937
61d45356-fbdc-4a05-88fe-306a834b6614;Морозовск;Ростовская область;Южный;24258;1910
76636668-6d31-4e2f-8642-aa181f3cfe9a;Моршанск;Тамбовская область;Центральный;39023;1623
7c23d967-5f9a-4d90-964d-12db2ed1fe0d;Мосальск;Калужская область;Центральный;4234;1231
50c61a7b-8933-4c62-bfd0-eee932e7951a;Москва;Москва;Центральный;130101122;1147
5bbc6126-ce1a-4a7d-bf59-ba4b9778e817;Муравленко;Ямало-Ненецкий АО;Уральский;29233;1984
180d3eb9-dc3a-47a7-a9a8-4a129177dc8d;Мураши;Кировская область;Приволжский;5700;1895
682b080c-812a-488e-90f3-7e7585cb1f68;Мурино;Ленинградская область;Северо-Западный;89083;1676
0cf3d5e7-3b88-4d41-8952-17e79c2170cd;Мурманск;Мурманская область;Северо-Западный;270384;1916
769e2664-cb23-4819-bc7b-7b499d18195b;Муром;Владимирская область;Центральный;107497;862
3907f5be-3b53-4a38-bb09-a8c3c940db41;Мценск;Орловская область;Центральный;36960;1146
a585ba1a-771d-4efd-8b0e-35d680ec26ac;Мыски;Кемеровская область;Сибирский;40109;1826
76742227-e1d6-4fb3-a1d1-a13b8f18c1ec;Мытищи;Московская область;Центральный;255429;1460
c8f738af-53c1-4ea5-861a-cffde58201e8;Мышкин;Ярославская область;Центральный;5621;XV век
72896dcd-cbc4-4612-a4b9-04f0fd6eea55;Набережные Челны;Татарстан;Приволжский;548434;1626
990a78e8-d796-43af-857b-d30b7d813307;Навашино;Нижегородская область;Приволжский;14664;1891
0f9b0dce-9333-4610-818a-9463c7effbca;Наволоки;Ивановская область;Центральный;8167;1775
83835b05-db53-465d-b63e-20afaee8cefb;Надым;Ямало-Ненецкий АО;Уральский;45973;1597
651bdfff-36dc-4e95-b62c-8fd5e1b1d86d;Назарово;Красноярский край;Сибирский;45333;1700
e811e9c8-92cd-4358-98a0-4b72e769b819;Назрань;Ингушетия;Северо-Кавказский;122350;1781
f32df677-e0c4-47b0-80ee-62859330524a;Называевск;Омская область;Сибирский;10434;1910
2b1f19a5-2fa3-4597-ba1a-c9c712971840;Нальчик;Кабардино-Балкария;Северо-Кавказский;247054;1724
af5397f1-85ef-4c1c-a21d-36c72d294d19;Нариманов;Астраханская область;Южный;11104;1963
735d3aa9-597e-4746-b56c-0e6462d5a96e;Наро-Фоминск;Московская область;Центральный;71121;1840
c96651c7-727f-44d3-8eef-b5166fa75371;Нарткала;Кабардино-Балкария;Северо-Кавказский;33203;1913
f2a54f3d-fdcd-4e32-ba27-16dea816112f;Нарьян-Мар;Ненецкий АО;Северо-Западный;23399;1929
3ce8b1b4-6b1b-4f97-9d88-a95c1cc4e2ba;Находка;Приморский край;Дальневосточный;139931;1864
115efd70-2fab-4561-b3eb-3ae0a9de29c0;Невель;Псковская область;Северо-Западный;13980;1562
aba04abc-da91-4d85-b0fe-3c853d365601;Невельск;Сахалинская область;Дальневосточный;10608;1946
64925d34-029c-40ec-a161-82b9b1ec007e;Невинномысск;Ставропольский край;Северо-Кавказский;117562;1825
98726754-8230-4983-bb3f-8b1942eb5852;Невьянск;Свердловская область;Уральский;22061;1701
5b346214-389a-4516-9b82-2cdbccea11c7;Нелидово;Тверская область;Центральный;18603;1900
31e985a4-c445-4907-a185-15f79f83fa37;Неман;Калининградская область;Северо-Западный;9255;1277
216b0a12-0c99-4b6e-b7bf-29ec5929dd04;Нерехта;Костромская область;Центральный;19977;1214
875b6469-1aaf-44ac-94a1-ab4dada8b80c;Нерчинск;Забайкальский край;Сибирский;15290;1653
68435b6f-6e09-461f-bc54-e099f929f72d;Нерюнгри;Якутия;Дальневосточный;53409;1975
b4b20dc1-65cd-477f-bcf0-57f62199ff5a;Нестеров;Калининградская область;Северо-Западный;3336;1539
e49afc0b-f6e9-4c3e-b299-2cdd64020f8b;Нефтегорск;Самарская область;Приволжский;18076;1960
6dc616e4-330e-4286-91b7-fab6aebb6ab9;Нефтекамск;Башкортостан;Приволжский;131942;1957
494aafea-7968-4758-8293-959545dfdb97;Нефтекумск;Ставропольский край;Северо-Кавказский;23137;1958
dbbbee96-80d2-4dfe-81f4-aa04d703bf81;Нефтеюганск;Ханты-Мансийский АО;Уральский;124732;1961
20e444d7-b252-4300-a8e7-0c5bc2b36301;Нея;Костромская область;Центральный;7816;1906
fde583da-158f-4bca-bc18-84f381bce04d;Нижневартовск;Ханты-Мансийский АО;Уральский;283256;1909
04278a32-b894-46e9-9383-5d1a8d3207f3;Нижнекамск;Татарстан;Приволжский;241479;1961
016c09a4-a861-4132-9cfe-1553952c4ff9;Нижнеудинск;Иркутская область;Сибирский;29995;1648
42738b13-d942-4488-bfdb-c0028ed62301;Нижние Серги;Свердловская область;Уральский;8009;1743
6d88f9e4-5cd3-4073-b65d-6a9ac6cf3a2b;Нижний Ломов;Пензенская область;Приволжский;20421;1636
17429e4a-a9b7-442e-8bed-ecd8a843ebe7;Нижний Новгород;Нижегородская область;Приволжский;1226076;1221
878f320a-7e87-49cc-b51a-c71e1dbcfb10;Нижний Тагил;Свердловская область;Уральский;338966;1722
ffd7ba37-dce7-4e8f-ac41-dc3cc711b3cc;Нижняя Салда;Свердловская область;Уральский;16505;1760
7bd3fda6-a1d7-48ae-9352-8381491dd887;Нижняя Тура;Свердловская область;Уральский;18392;1754
b106e9b9-add3-4fb4-98c1-9a720f47c2d1;Николаевск;Волгоградская область;Южный;13460;1747
0938b67c-8c47-438c-867c-f2d3944176da;Николаевск-на-Амуре;Хабаровский край;Дальневосточный;18631;1850
e17c803d-4fd8-47ed-89fb-1fa741c51256;Никольск;Вологодская область;Северо-Западный;7661;XIV век
68798ad0-54b1-4910-b519-05de3b580ab4;Никольск;Пензенская область;Приволжский;19873;1761
5a988ad7-a2ca-4756-a7ec-e4993b1578fe;Никольское;Ленинградская область;Северо-Западный;22355;1710
9478ac99-9132-4945-87f2-4cea3cc9da4c;Новая Ладога;Ленинградская область;Северо-Западный;7432;1704
ddb9b64c-16a9-4e70-9e26-cd28f21b9820;Новая Ляля;Свердловская область;Уральский;10684;1903
1e54fcfa-41ff-4fed-a76c-5307312ba0aa;Новоалександровск;Ставропольский край;Северо-Кавказский;26767;1804
89278b03-9792-44a2-9dba-c2056c67cae6;Новоалтайск;Алтайский край;Сибирский;73049;1736
6c528ecb-0f8f-4920-8487-df60f657ebba;Новоаннинский;Волгоградская область;Южный;15351;1872
415b4528-7300-4fcb-b94f-77123b727b2f;Нововоронеж;Воронежская область;Центральный;30658;1957
5456b17a-972d-4a59-aecb-fd1eeec28788;Новодвинск;Архангельская область;Северо-Западный;33294;1936
62ff5ae8-b4bd-42b3-9a28-0e3ee0b52f37;Новозыбков;Брянская область;Центральный;38680;1701
32619c21-2fd5-4021-8323-368ff4a7509d;Новокубанск;Краснодарский край;Южный;34000;1867
7d074097-db5a-4fb8-975b-733e20aeb455;Новокузнецк;Кемеровская область;Сибирский;537480;1618
8d58bd3d-9526-4ed2-8658-1f3a555c3c74;Новокуйбышевск;Самарская область;Приволжский;98306;1946
6105769f-adac-4eb4-b7a8-0da72249f95e;Новомичуринск;Рязанская область;Центральный;16900;1968
8eb806fd-702c-4b92-866d-bbe1c0903286;Новомосковск;Тульская область;Центральный;119697;1930
b4d50fab-ee0b-432a-96eb-db3cd6d9b26f;Новопавловск;Ставропольский край;Северо-Кавказский;20781;1777
dde89a89-66b4-4f7d-963b-1f3fb0a4b959;Новоржев;Псковская область;Северо-Западный;3222;1777
48936637-8354-4e16-8f6f-52a23ac024d2;Новороссийск;Краснодарский край;Южный;262293;1838
e915ac1f-f4d9-49c1-a2c9-bbdaded78120;Новосибирск;Новосибирская область;Сибирский;1633595;1893
bd0869a9-a971-4fc6-ad93-c4ab68d1a11a;Новосиль;Орловская область;Центральный;2912;1155
e15e94a8-6fc0-40ad-9a14-5e968f768847;Новосокольники;Псковская область;Северо-Западный;6895;1901
41d95efd-6c1f-449f-a1c3-6144e6e2d4b4;Новотроицк;Оренбургская область;Приволжский;75960;1920
701e773c-4393-4d71-b307-1faaa603f1bb;Новоузенск;Саратовская область;Приволжский;15216;1760
d1f9f3b7-cec3-4e12-99ed-c997b0076442;Новоульяновск;Ульяновская область;Приволжский;13673;1957
8f92a764-8639-4a5a-bed5-f3ef6c22df58;Новоуральск;Свердловская область;Уральский;78479;1941
82d445ef-ce3a-42d1-9836-63a43301d356;Новохопёрск;Воронежская область;Центральный;5948;1710
7ce07f6b-1a87-4492-9132-a8fd3b97b1dc;Новочебоксарск;Чувашия;Приволжский;120375;1960
06dcda8e-d11c-4367-8eaf-f816c2f3f678;Новочеркасск;Ростовская область;Южный;163674;1805
cc8cd33c-f285-4f4e-863e-c09f1fc7c722;Новошахтинск;Ростовская область;Южный;103480;1910
6f0e8116-2f68-48e5-9868-aa16aa363105;Новый Оскол;Белгородская область;Центральный;18359;1637
5c255611-b74e-4a4c-8b85-60f019970a14;Новый Уренгой;Ямало-Ненецкий АО;Уральский;107251;1975
7487b6be-d3cc-47d4-b8a7-afd212da9414;Ногинск;Московская область;Центральный;103891;1389
b573b11f-c8b8-4478-b40a-9397d752c7c5;Нолинск;Кировская область;Приволжский;8262;1668
569663e3-daac-4c73-82dd-a9259eb3f7a0;Норильск;Красноярский край;Сибирский;174453;1935
9544cd24-da00-4536-b5c4-98a3a4f112a5;Ноябрьск;Ямало-Ненецкий АО;Уральский;100188;1976
784b5be6-8d4c-4362-bdee-bab8cae4a4d5;Нурлат;Татарстан;Приволжский;33990;1905
af6286f9-9fc4-4b0e-ba6f-bc2894b42122;Нытва;Пермский край;Приволжский;16675;1756
eecf7306-4ef0-4e78-9a5b-1e204e17f2f3;Нюрба;Якутия;Дальневосточный;10138;1824
0802a877-eb9e-4bbd-b77b-7b7385398148;Нягань;Ханты-Мансийский АО;Уральский;63034;1965
67e52ec0-e310-4cde-86db-05286f2dfeb1;Нязепетровск;Челябинская область;Уральский;10379;1747
586a7843-909f-4a3a-8503-8d7b7b993742;Няндома;Архангельская область;Северо-Западный;18473;1898
abc35dd7-fe30-4ae7-bcd2-c9d7ec9bb156;Облучье;Еврейская АО;Дальневосточный;7959;1911
c2610506-3f8d-4d98-8499-97ac4b42cc39;Обнинск;Калужская область;Центральный;125376;1946
084272f3-92c4-45bb-9c94-039250f0ef34;Обоянь;Курская область;Центральный;11844;1639
ea7cacdd-f6e1-44b5-a0e4-a0c8ccf2d5db;Обь;Новосибирская область;Сибирский;30369;1934
62310eaa-d821-4090-825f-bfec132928be;Одинцово;Московская область;Центральный;180530;1470
69538579-4e57-4205-8d27-9386bdab14a5;Озёрск;Калининградская область;Северо-Западный;4152;1539
1e0cbd30-5231-4a6d-aa92-9d3846a48018;Озёрск;Челябинская область;Уральский;76896;1945
df9ca020-c935-4dc0-95a8-b73159450438;Озёры;Московская область;Центральный;24359;1834
4dec6d97-c15c-4edf-b84c-93aac6a391b6;Октябрьск;Самарская область;Приволжский;20703;1684
9832cf46-b37f-4313-b813-a9e8c3da3242;Октябрьский;Башкортостан;Приволжский;115557;1937
26a1a034-0a75-4c3d-951e-d99ea9bb48fd;Окуловка;Новгородская область;Северо-Западный;9949;1851
82397f9a-1b3e-4bb6-9a93-548b6c5c72ab;Олёкминск;Якутия;Дальневосточный;8398;1635
4cb8d0ce-2de4-44bf-bb4e-3c37a023c283;Оленегорск;Мурманская область;Северо-Западный;21438;1949
89fcccec-058d-4fa8-b4e2-a99c26c39333;Олонец;Карелия;Северо-Западный;7663;1137
9b75a838-df69-47fa-bff8-60965a4f7506;Омск;Омская область;Сибирский;1125695;1716
70c6f0dd-8fec-497d-a422-e806b36523a5;Омутнинск;Кировская область;Приволжский;19629;1773
f011d359-7fec-4524-a15d-909640cacb53;Онега;Архангельская область;Северо-Западный;16947;1137
1a67ac9f-5d99-4f80-a5d5-cff08bf2207e;Опочка;Псковская область;Северо-Западный;9928;1414
118babb4-dcf1-4af8-916a-d5cabeee0fe2;Орёл;Орловская область;Центральный;303169;1566
1ea1401e-d242-4f0a-b7a7-1320020fdab6;Оренбург;Оренбургская область;Приволжский;543654;1743
ab87726c-8211-489a-bd68-b04caa410038;Орехово-Зуево;Московская область;Центральный;105745;1917
c9e9baa2-b24d-4619-9d64-63ad27dd5980;Орлов;Кировская область;Приволжский;5508;1459
f723e0aa-f6ed-4ff4-8792-ba12e378110e;Орск;Оренбургская область;Приволжский;189195;1735
b2de7104-2efc-47b1-b8b3-7c5087112d3f;Оса;Пермский край;Приволжский;19523;1591
b6782b48-43d9-4273-9315-94ce27c2c3d2;Осинники;Кемеровская область;Сибирский;40367;1926
1dab8c1b-2814-4a3e-ab48-5cc4dfd5ab39;Осташков;Тверская область;Центральный;16674;XIV век
0746ea1d-8d22-4203-b8c5-6159b3488e60;Остров;Псковская область;Северо-Западный;20923;1341
7e892560-b13c-4e3b-aa69-01b65b7bae3a;Островной;Мурманская область;Северо-Западный;1487;1611
2dd10396-1fe5-4fe0-9f11-0e3eb8a21ca9;Острогожск;Воронежская область;Центральный;31699;1652
cfdc5b3b-0bf7-433b-80a9-a94516c47873;Отрадное;Ленинградская область;Северо-Западный;25706;1708
418be4d3-22c4-4002-9412-c84a13e3d230;Отрадный;Самарская область;Приволжский;46984;1920-е
d518d14a-0d81-44b9-a542-a8cadf2df04c;Оха;Сахалинская область;Дальневосточный;20357;1908
4685175b-a576-463e-94d8-8e6ebf2ddb8d;Оханск;Пермский край;Приволжский;6430;1547
cca45f37-d206-403a-a561-fdda62eb9faf;Очёр;Пермский край;Приволжский;14385;1759
6884c2bb-2e03-4e92-8834-f903e41887a6;Павлово;Нижегородская область;Приволжский;57116;1566
c68b9462-8130-483d-bfda-38e1fc9ba7fc;Павловск;Воронежская область;Центральный;22384;1709
0481cb80-339d-49b5-9a23-2096052bcd91;Павловский Посад;Московская область;Центральный;65098;1328
2847ff73-0a65-463d-a9d1-7b50ca0711a0;Палласовка;Волгоградская область;Южный;14966;1907
915c2219-ec54-4888-a481-9425ee459f46;Партизанск;Приморский край;Дальневосточный;33832;1896
b333fba4-adc8-49d3-a66a-924cc3197ade;Певек;Чукотский АО;Дальневосточный;4015;1933
b37bbf37-2822-4a31-bda6-792f4bd18732;Пенза;Пензенская область;Приволжский;501109;1663
cae6ce2c-c2c1-429f-8d00-2b0a10d17c09;Первомайск;Нижегородская область;Приволжский;13223;XIX век
37b95954-4e4b-4155-b39c-3cf0a0df68fe;Первоуральск;Свердловская область;Уральский;114450;1732
d59b3f83-a63e-4c6c-978c-3e19d9279bea;Перевоз;Нижегородская область;Приволжский;8999;1593
4af2910a-d7a4-44b2-9ca5-23275d7b58f9;Пересвет;Московская область;Центральный;11752;1948
3d7a72a6-9811-43aa-8d81-2b9a8795cfd5;Переславль-Залесский;Ярославская область;Центральный;37738;1152
65e774b5-3a80-4d95-a241-a7cc66531e9f;Пермь;Пермский край;Приволжский;1034002;1723
3c77f297-02a6-40b8-8033-61a256804014;Пестово;Новгородская область;Северо-Западный;14032;1918
6b3c1166-52e8-4793-9acb-5de36516c7d7;Петров Вал;Волгоградская область;Южный;12526;1942
eae48af1-3b4f-4d4f-86e2-d96c1450d907;Петровск;Саратовская область;Приволжский;26319;1698
2e0d9d9f-1fba-417c-81b5-c726ee840a56;Петровск-Забайкальский;Забайкальский край;Сибирский;15015;1789
7f47be92-1411-45ee-823d-d61aa82edefd;Петрозаводск;Карелия;Северо-Западный;234897;1703
4e572a35-e66f-44e2-b3b5-cd5cb3791c23;Петропавловск-Камчатский;Камчатский край;Дальневосточный;164900;1740
059753c7-7b4d-493b-9b40-0791d9778aff;Петухово;Курганская область;Уральский;8502;1779
73566a46-64b7-4bb7-a2ea-4b6be9ce47ca;Петушки;Владимирская область;Центральный;13317;1861
09d5a0cb-98fa-40ce-bf41-39ce5e59d45c;Печора;Коми;Северо-Западный;35254;1940
bfb41c01-9301-4a94-a30d-d0fa06b35f6f;Печоры;Псковская область;Северо-Западный;10247;1473
c9ad6a06-41bd-4d40-889d-c238a104170b;Пикалёво;Ленинградская область;Северо-Западный;20388;1620
c1600f95-0935-40b9-aa0b-419b3661d9d1;Пионерский;Калининградская область;Северо-Западный;12794;1254
4c198e1f-1bfa-4a07-ac3d-ffb896326f2f;Питкяранта;Карелия;Северо-Западный;8340;XIX век
156e8f63-5813-40ce-bae0-95147902eb28;Плавск;Тульская область;Центральный;16893;1563
a9e30dd4-1b3c-4c14-aa3d-ccddce061ae2;Пласт;Челябинская область;Уральский;18379;1845
a973abfa-7568-487c-afde-f6082f8742dc;Плёс;Ивановская область;Центральный;1896;1410
b6b476a7-70e9-4bf8-a1ea-5de58e85b80c;Поворино;Воронежская область;Центральный;16417;1870
dc99b83c-a653-49fc-be40-7de0a4a87443;Подольск;Московская область;Центральный;314934;1559
1f1c0dbf-e12c-4b1d-8d17-d42e4d6e85ea;Подпорожье;Ленинградская область;Северо-Западный;16123;1936
277bf51d-055d-455b-887f-5b8a8b085d18;Покачи;Ханты-Мансийский АО;Уральский;16040;1984
26c3a183-a0cb-40f0-8b02-764422e21b71;Покров;Владимирская область;Центральный;17747;1506
67989bab-987e-4715-91ed-21782f8ac808;Покровск;Якутия;Дальневосточный;12021;1682
d3479cbe-70a8-45c4-a5b0-a2e3772f38da;Полевской;Свердловская область;Уральский;55182;1718
104c6058-45c4-4b30-b2c9-1b6f18a78d92;Полесск;Калининградская область;Северо-Западный;6926;1258
ae239aec-571f-4d7d-9ed5-7f75b1199f21;Полысаево;Кемеровская область;Сибирский;25631;1952
7d51a2f3-01c9-4d68-ab6c-84301d30dc8e;Полярные Зори;Мурманская область;Северо-Западный;14146;1968
7516d651-46e3-4116-a2d4-6d6af646079c;Полярный;Мурманская область;Северо-Западный;12293;1896
61067f5a-e4b9-4a71-8d87-936cc867c024;Поронайск;Сахалинская область;Дальневосточный;16026;1869
63d9481e-2fb7-4e5f-ab86-30563f0af083;Порхов;Псковская область;Северо-Западный;7309;1239
3b51465b-0bc4-4c5e-bf3e-b04728a6410a;Похвистнево;Самарская область;Приволжский;27333;1888
75537b96-6d1e-4f98-bf58-a097e7e13049;Почеп;Брянская область;Центральный;14991;1447
aca996e5-8566-4015-baf7-7151f0e4f67c;Починок;Смоленская область;Центральный;7575;1868
18a58a4a-7e58-4f21-a74c-0df858c865c0;Пошехонье;Ярославская область;Центральный;5150;1680
593787c5-8365-4cd5-92f1-8ebf3ed997d2;Правдинск;Калининградская область;Северо-Западный;3986;1312
70e8b9df-4acf-441c-b085-e33690f962ad;Приволжск;Ивановская область;Центральный;14332;1484
045b7664-eaa3-4865-8f3a-ca6e9c911061;Приморск;Калининградская область;Северо-Западный;1436;1268
3d19aa66-06cd-4962-ba79-3c6fd70e2bed;Приморск;Ленинградская область;Северо-Западный;6537;1268
382dad98-cf61-4b12-ad9e-8a6490c8918f;Приморско-Ахтарск;Краснодарский край;Южный;31087;1854
e7834e50-35b2-4e63-ab04-a2e5855bf327;Приозерск;Ленинградская область;Северо-Западный;18777;XII век
0dbc4006-e62e-478c-8a09-5b9e6bbebe44;Прокопьевск;Кемеровская область;Сибирский;177819;1650
2dc05792-ff46-48ce-b51d-96a2d22b49b8;Пролетарск;Ростовская область;Южный;18983;XVII век
0d889e69-f1a0-48c9-96c1-78ddf513626c;Протвино;Московская область;Центральный;37735;1960
e74f8514-1e72-4b61-a24e-9d1a8066966f;Прохладный;Кабардино-Балкария;Северо-Кавказский;59938;1765
cb8086ed-8b90-4e56-afd2-927fb9527a2c;Псков;Псковская область;Северо-Западный;193082;903
08037499-f8f0-4ecd-9b85-bf8748214f29;Пугачёв;Саратовская область;Приволжский;40127;1764
a204642a-b025-431d-8ccd-c1c2f1c28d6f;Пудож;Карелия;Северо-Западный;7356;1382
5ce3bd9e-423d-4d38-a19c-7d5d80830ef5;Пустошка;Псковская область;Северо-Западный;4070;1901
bbe80bed-b39e-476a-ad8b-fb1629f42abc;Пучеж;Ивановская область;Центральный;6879;1594
29c47b73-f740-4dbb-b780-55e85fb72bad;Пушкино;Московская область;Центральный;110868;1499
3f3bef3a-4997-41f2-ae49-7fa8247a8828;Пущино;Московская область;Центральный;19578;1956
8259cc26-8bba-4101-af5e-105e360399f1;Пыталово;Псковская область;Северо-Западный;5263;1782
050919e5-6afc-4020-9a5b-6138cef3edc2;Пыть-Ях;Ханты-Мансийский АО;Уральский;40180;1968
b912c9e4-2783-43c8-8dc8-19ece23c0025;Пятигорск;Ставропольский край;Северо-Кавказский;146473;1780
59451911-4527-4323-9e9c-77d4f45821e5;Радужный;Владимирская область;Центральный;17569;1971
10ca3653-3c29-450c-af4e-cbfcd66fa707;Радужный;Ханты-Мансийский АО;Уральский;43577;1973
a53aa083-d384-407a-af1c-33dbc1e33820;Райчихинск;Амурская область;Дальневосточный;15797;1932
59daf49b-971e-4997-9fe0-87cf7978027e;Раменское;Московская область;Центральный;114537;1328
8759af3a-2249-4252-a706-6f719d4582ef;Рассказово;Тамбовская область;Центральный;47644;1698
31c6f625-7623-40d9-954f-fafa41d840b4;Ревда;Свердловская область;Уральский;60200;1734
d78b5956-b18e-4c59-8dc3-068e97bb6c29;Реж;Свердловская область;Уральский;36585;1773
fa758ad7-f2e6-488f-81b9-c5db495b4685;Реутов;Московская область;Центральный;113871;1573
df51e70f-d9cb-47bb-9961-1cbe21e22a1c;Ржев;Тверская область;Центральный;55757;1216
cb9dbd00-7b28-48fd-90f0-83fafb3693da;Родники;Ивановская область;Центральный;24101;1606
3fac1dec-dae0-4033-a9c4-9ea4f8dc9abc;Рославль;Смоленская область;Центральный;45416;1137
43e3ceec-dfdc-4949-9d4e-26c9eee47123;Россошь;Воронежская область;Центральный;60879;XVII век
0dba55e9-cbc7-4deb-8a69-96c9c079b7df;Ростов-на-Дону;Ростовская область;Южный;1142162;1749
936cc882-b216-421e-b702-a9fd2d26f8e6;Ростов;Ярославская область;Центральный;28122;862
9225bcac-85d4-4589-a5ed-d7c67adc2552;Рошаль;Московская область;Центральный;21401;1916
c6b11c0c-a8a9-4e18-b716-0fb0887cdece;Ртищево;Саратовская область;Приволжский;37850;1666
8acb35fa-8811-4269-89a9-f02e817a6196;Рубцовск;Алтайский край;Сибирский;126834;1892
5310ab00-6326-4c5a-b9a9-24592eb6d5f2;Рудня;Смоленская область;Центральный;8908;1363
d50d21d6-57e8-49bf-870f-33a0aed38c8f;Руза;Московская область;Центральный;16014;1328
09bf3346-b790-474d-a870-de8a98118513;Рузаевка;Мордовия;Приволжский;42989;1631
9241cc69-4a2b-416a-9abd-5fb2c964de96;Рыбинск;Ярославская область;Центральный;177295;1071
d5e7ba8c-244b-48ce-a1a5-cac126e9fdb8;Рыбное;Рязанская область;Центральный;21069;1597
8bd69fd7-f584-4ebd-b401-bf3f516eabce;Рыльск;Курская область;Центральный;15069;1152
8e912c9c-e4ba-49fe-a444-6500b10d704e;Ряжск;Рязанская область;Центральный;20634;1502
7f3eba03-2028-4c8a-bc29-ae33fa6218f3;Рязань;Рязанская область;Центральный;528599;1095
29289a9c-959e-4e84-a5cf-8eaad17b4556;Саки;Крым;Южный;24285;1952
139b4764-64d9-4655-9c89-39afd7aecbca;Салават;Башкортостан;Приволжский;148575;1948
eb47b7c4-2e22-484b-8ad5-4d24428a0a75;Салаир;Кемеровская область;Сибирский;7088;1626
64af0400-5544-4c30-875f-d41005bc5007;Салехард;Ямало-Ненецкий АО;Уральский;47910;1595
6b1468ef-024a-4641-8092-848d6b9b3899;Сальск;Ростовская область;Южный;57937;1812
e8b6bbc9-3479-48ef-8b1c-15563ecc03ab;Самара;Самарская область;Приволжский;1173299;1586
c838d040-320c-41bf-8f88-3b3c04a5247c;Санкт-Петербург;Санкт-Петербург;Северо-Западный;5601911;1703
5d1b1ad4-977d-4da4-b653-70e00365658f;Саранск;Мордовия;Приволжский;314871;1641
9ec4043c-57aa-4f5e-a12f-1861471ceaaa;Сарапул;Удмуртия;Приволжский;91115;1621
8b7b4e93-c12e-43fa-b2d1-7b27369f51f0;Саратов;Саратовская область;Приволжский;901361;1590
4ce5b005-ff35-4ee5-a274-868048d9362d;Саров;Нижегородская область;Приволжский;93357;1691
58e49278-edad-4394-8820-5be3b13ebc23;Сасово;Рязанская область;Центральный;21628;1642
4f787883-0f16-49d3-bd31-ac31de8734a1;Сатка;Челябинская область;Уральский;42597;1758
07053588-aa73-43e9-9328-f8cd0937bdbf;Сафоново;Смоленская область;Центральный;38403;1859
32213c48-9abf-4294-9ae4-bfb6859fc45e;Саяногорск;Хакасия;Сибирский;44872;1830
849bcbc5-644a-4a14-b93a-4001157f13b2;Саянск;Иркутская область;Сибирский;35561;1970
d6c2479c-bb46-48dd-bb18-f99814b7817d;Светлогорск;Калининградская область;Северо-Западный;16207;1258
8324bb51-417d-46f2-8544-96de9951d7d7;Светлоград;Ставропольский край;Северо-Кавказский;35703;1786
ef182e46-e174-4100-80dc-c7b1a16b382f;Светлый;Калининградская область;Северо-Западный;21114;1640
9268a4bc-22c6-49d1-9f9d-5f9dec73eb08;Светогорск;Ленинградская область;Северо-Западный;13784;1887
53338749-2e1b-47b2-8ca9-9e1432b31b12;Свирск;Иркутская область;Сибирский;15485;XIX век
3f475797-c17d-42b3-8445-81b400d33149;Свободный;Амурская область;Дальневосточный;48517;1912
0122f417-3979-42c5-b072-4ba832f8e08a;Себеж;Псковская область;Северо-Западный;6246;1414
739da210-da6f-4470-9e54-dc5831b87c0f;Севастополь;Севастополь;Южный;5478203;1783
bacd81ff-6847-496d-bb11-e10cbb47ea08;Северо-Курильск;Сахалинская область;Дальневосточный;2374;1875
253c279e-2bca-4f11-bfaf-0eeac9c3dc0e;Северобайкальск;Бурятия;Сибирский;24233;1974
fbb49a83-86b4-4ec7-99a6-4838b5c01064;Северодвинск;Архангельская область;Северо-Западный;157213;1936
5b30a5f9-bcaa-43c7-a407-716a204419e6;Североморск;Мурманская область;Северо-Западный;43327;1896
ada84b42-44c6-44dc-b1ca-cd413de4045b;Североуральск;Свердловская область;Уральский;24428;1758
560158c2-626a-4371-a57f-ca5e191c969f;Северск;Томская область;Сибирский;106648;1949
28390e97-097c-4727-8557-e064c530af98;Севск;Брянская область;Центральный;6732;1146
457e505a-7ed9-4279-9282-9dfe11c28e24;Сегежа;Карелия;Северо-Западный;23543;1914
f661bb6b-cb53-4370-a9a1-107cc7e3fa0c;Сельцо;Брянская область;Центральный;15906;1870-е
77434712-3b0d-4622-8623-bc6699c063f8;Семёнов;Нижегородская область;Приволжский;25075;1644
7b067f8f-5263-48a5-82ce-229a8a75df95;Семикаракорск;Ростовская область;Южный;21719;1672
a71b9d20-16c3-40bf-96b6-4b70d82f9ba6;Семилуки;Воронежская область;Центральный;27938;1615
c7f3eb0c-b1dd-43c0-ab6c-666dcd40cbb6;Сенгилей;Ульяновская область;Приволжский;6407;1666
5055d5a4-c686-4f94-a8cb-f5ecf73231c3;Серафимович;Волгоградская область;Южный;8633;1589
63d5e537-ec76-4b61-aa97-7ea5065a620f;Сергач;Нижегородская область;Приволжский;20256;1649
a02b5680-696c-499a-bd86-c7bb3ce49c0c;Сергиев Посад;Московская область;Центральный;101756;1337
1aa02487-a9be-40ab-b4ba-a63ac221955d;Сердобск;Пензенская область;Приволжский;30220;1698
c62a04af-f4d4-4261-867d-28bcfe6c186b;Серов;Свердловская область;Уральский;94211;1893
50ea12a7-9a1a-4cfe-babc-961a871e8592;Серпухов;Московская область;Центральный;133793;1339
08c9662d-0672-4177-83a2-6ee78875a0de;Сертолово;Ленинградская область;Северо-Западный;68241;1936
64b3d780-2f3b-40d3-bdec-58d6cad0a1eb;Сибай;Башкортостан;Приволжский;56514;1925
9ee74e7f-7692-4f52-be5e-3a306c67174e;Сим;Челябинская область;Уральский;12858;1759
04ccafba-b01f-4bda-99a6-fbd682bacba6;Симферополь;Крым;Южный;340540;1784
4bd2a85e-df7d-4d77-970a-ca968f746551;Сковородино;Амурская область;Дальневосточный;7057;1908
4d097560-11b6-4561-b21c-e833665c3dd5;Скопин;Рязанская область;Центральный;25238;1676
d9ebdd4c-7f99-4878-a9fa-703919022b5e;Славгород;Алтайский край;Сибирский;27900;1910
33a03478-f006-425c-8d00-a591d369c1d1;Славск;Калининградская область;Северо-Западный;4153;1292
ad95a16d-2ae2-43ae-a7c2-388980e9ae16;Славянск-на-Кубани;Краснодарский край;Южный;62985;1865
af51d212-f90f-4a8a-847a-8277ca1e7ef6;Сланцы;Ленинградская область;Северо-Западный;34628;1934
007ae5bf-bb38-4202-ac08-a131db0dc512;Слободской;Кировская область;Приволжский;29148;1505
4f1931be-4304-46ac-9f90-c70c701121ed;Слюдянка;Иркутская область;Сибирский;18058;1899
6b245b46-eb88-429f-a0f2-da32ea938f87;Смоленск;Смоленская область;Центральный;316570;863
9d1b1cf7-bd89-4437-871f-26cb4d6c0f25;Снежинск;Челябинская область;Уральский;50619;1955
5cd1b4e2-6440-4c00-89bc-bfb0579cdf25;Снежногорск;Мурманская область;Северо-Западный;9942;1970
23b00892-cac4-40d3-a366-c3d5b735e952;Собинка;Владимирская область;Центральный;17444;1858
c12fe084-cc3b-4c8a-970b-0f900582b8c0;Советск;Калининградская область;Северо-Западный;38910;1288
41002876-e098-48a8-91fd-ea98e0db3db4;Советск;Кировская область;Приволжский;14626;XII век
e0faed5d-e4b5-4f03-8fcc-8b038135cf87;Советск;Тульская область;Центральный;7889;1949
477e5485-4328-4ea9-9fc0-bbdfd5da64fc;Советская Гавань;Хабаровский край;Дальневосточный;24231;1853
11e4e763-6587-49b1-bc3c-2484f0f2aea3;Советский;Ханты-Мансийский АО;Уральский;31138;1963
72d4380f-a376-434e-809f-27ec273292aa;Сокол;Вологодская область;Северо-Западный;34742;1615
a62194b1-4443-4b52-8396-08f5c6c4692b;Солигалич;Костромская область;Центральный;5534;1335
5497399c-86bc-444a-b7a7-b1f91ab99585;Соликамск;Пермский край;Приволжский;89473;1430
d33e4146-198e-4dac-ac8e-f0245d0d5230;Солнечногорск;Московская область;Центральный;48413;XVIII век
d2ddcac0-782d-42b1-810d-0fe9d0c0e3c5;Соль-Илецк;Оренбургская область;Приволжский;26149;1754
504214e6-d8fa-46be-8882-f0654a3d881a;Сольвычегодск;Архангельская область;Северо-Западный;1952;1492
6e83206d-b1fb-4cac-acf7-4a4a856a53d4;Сольцы;Новгородская область;Северо-Западный;8449;1390
045b1c4b-c834-445c-a9ce-5342fd3235db;Сорочинск;Оренбургская область;Приволжский;28478;1737
a06b046c-8f04-4a02-b567-1054177b807b;Сорск;Хакасия;Сибирский;10124;1940
bd4cc717-b2bb-44f4-b12e-97c302512bf6;Сортавала;Карелия;Северо-Западный;14867;1468
c202f482-f8ef-4cb4-a382-c93154f6e6e1;Сосенский;Калужская область;Центральный;11413;1952
39847a99-d5cd-42cd-8254-4541839103ff;Сосновка;Кировская область;Приволжский;8428;1699
05b502ea-0453-4ddf-8e30-5d0c4488171c;Сосновоборск;Красноярский край;Сибирский;40442;1971
84d03505-5955-45c9-b6a6-ac552d4ff4e7;Сосновый Бор;Ленинградская область;Северо-Западный;65367;1958
e24c3931-112a-456a-afe9-bcc6fe816207;Сосногорск;Коми;Северо-Западный;22189;1939
1fd3970a-edc3-4e3a-aa54-e3d6daf696bc;Сочи;Краснодарский край;Южный;466078;1838
7b966b6a-7238-416a-8953-3fad6d63cc0c;Спас-Деменск;Калужская область;Центральный;4569;1446
c3ac5b68-1dae-4319-8f6d-b51daea3ec4c;Спас-Клепики;Рязанская область;Центральный;4743;XVI век
732f56fc-e1af-4f01-b16f-adb5fc225a8c;Спасск;Пензенская область;Приволжский;6936;XVII век
859c5b6d-b32d-47bb-b05f-4ef1f6e436f5;Спасск-Дальний;Приморский край;Дальневосточный;35732;1886
57109e80-45c6-425f-b39a-72967f4991f1;Спасск-Рязанский;Рязанская область;Центральный;5796;1629
4dbb59ad-51b3-4ab4-ae8c-f2b0485c6b53;Среднеколымск;Якутия;Дальневосточный;3131;1643
c3d1c0c7-7e5e-44e1-bc38-db50201fae19;Среднеуральск;Свердловская область;Уральский;23344;1931
54d45886-f662-46b7-873e-c8d8008e6da3;Сретенск;Забайкальский край;Сибирский;6093;1689
ae2b1a49-1aee-46b8-ac0f-55a2862b7cac;Ставрополь;Ставропольский край;Северо-Кавказский;547443;1777
f8744407-ed30-4040-b9f8-bb9c6488bfc5;Старая Купавна;Московская область;Центральный;22898;XIV век
027e2b9c-5873-4249-936b-44b9e0390eaa;Старая Русса;Новгородская область;Северо-Западный;27487;1167
f74de5f5-478d-40e4-ac7f-48faa70b0af4;Старица;Тверская область;Центральный;6938;1297
b4912297-2227-4e0e-a788-f26f27e540fe;Стародуб;Брянская область;Центральный;17687;1080
be2c41b5-c906-4afc-8aab-d2c6ed8df950;Старый Крым;Крым;Южный;10470;XIII век
1e1a62c7-38c5-43c4-9ea7-e65a80d3cb5b;Старый Оскол;Белгородская область;Центральный;221676;1593
a2a44394-b52a-4fe6-85b9-bb73633335cb;Стерлитамак;Башкортостан;Приволжский;277410;1766
ca2d54e5-17ec-4eb5-92d1-fc5afb7cf3d3;Стрежевой;Томская область;Сибирский;39169;1966
a82074e4-4a4f-4afe-999c-2a1b56d4eb34;Строитель;Белгородская область;Центральный;23780;1958
7270dc76-a75c-4456-927d-7499ee1af42a;Струнино;Владимирская область;Центральный;11774;1492
7033f5d5-cce5-4358-bbf3-ee7d8e8a5cf4;Ступино;Московская область;Центральный;64412;1938
edb67382-c83e-43b6-b35c-9d0185cb80b6;Суворов;Тульская область;Центральный;17598;1949
59c94814-2245-4c75-88b4-fefb5d60830b;Судак;Крым;Южный;17834;212
dae18e6b-b06c-4d2e-9ac4-c98d628cfc58;Суджа;Курская область;Центральный;5127;XVI век
63d9fd6f-c7ed-4fc7-a3aa-9406750ad87d;Судогда;Владимирская область;Центральный;10408;1552
0efc8eb9-41af-4280-8a55-682db4993dff;Суздаль;Владимирская область;Центральный;9286;999
70972439-5c10-45ee-8f77-c0780152a05f;Сунжа;Ингушетия;Северо-Кавказский;62078;1845
9834823e-94a4-443f-90e4-e430f65f6b59;Суоярви;Карелия;Северо-Западный;7190;XVI век
7c60aff8-b68f-42be-8a52-b7bf9b27dc22;Сураж;Брянская область;Центральный;11176;XVII век
2eba8393-a5bf-42ba-af1c-4dc613b74333;Сургут;Ханты-Мансийский АО;Уральский;396443;1594
aadffc11-d160-44f3-b65f-2a5cf552c872;Суровикино;Волгоградская область;Южный;18227;1744
b22034d3-d4e5-42c8-b178-b151b795dd20;Сурск;Пензенская область;Приволжский;6034;1849
bdfaf232-75cb-48ef-a62a-88d617e15567;Сусуман;Магаданская область;Дальневосточный;4439;1938
bb2c1885-8cf7-45dd-9c00-1c68c85db190;Сухиничи;Калужская область;Центральный;14806;XVIII век
29a08575-aba0-41ef-9ea0-24258e880780;Сухой Лог;Свердловская область;Уральский;32748;1710
18128e21-e2cf-40b2-bf66-873cc7c0730f;Сызрань;Самарская область;Приволжский;165725;1683
393908e2-70c3-4d48-82b5-119896a32cff;Сыктывкар;Коми;Северо-Западный;220580;1780
3b58b492-d01c-4ed8-9e17-d183b6c491d9;Сысерть;Свердловская область;Уральский;20634;1732
0abb6f17-3eb8-4e9b-839e-4dcf094ccab4;Сычёвка;Смоленская область;Центральный;7544;1488
d7bc1dc2-dc61-4f29-81eb-174ba6fdf2d8;Сясьстрой;Ленинградская область;Северо-Западный;12566;1926
5d27e8c5-c371-45af-893a-13d7bf50f3cc;Тавда;Свердловская область;Уральский;32749;1910
6fd35fc1-22a2-47c5-8dcc-72a64a463a31;Таганрог;Ростовская область;Южный;245120;1698
6fc1a793-9588-4465-b2c0-1e95f5f78c14;Тайга;Кемеровская область;Сибирский;22375;1896
c8a3f082-02f2-4149-ab18-9260d54f1d80;Тайшет;Иркутская область;Сибирский;34491;1897
d2e57c12-395f-4ed0-b129-a74c9153105f;Талдом;Московская область;Центральный;17317;1677
5c00997c-d926-44fa-aff1-9b941a0f62da;Талица;Свердловская область;Уральский;14808;1732
2fce5f1a-62b4-4e7d-8f0d-84aa4e5df8f7;Тамбов;Тамбовская область;Центральный;261803;1636
5521a7e7-b934-49ad-b22c-96fd8225c885;Тара;Омская область;Сибирский;26878;1594
bf30812a-2733-4adb-a114-bd046bf607be;Тарко-Сале;Ямало-Ненецкий АО;Уральский;19900;1932
80e545dc-6b25-4800-9eed-3c7acdbf0db6;Таруса;Калужская область;Центральный;9918;1246
b65ba3e5-8197-4cd7-89fd-8bb914bd001e;Татарск;Новосибирская область;Сибирский;23711;1894
935c473a-8b02-4ee4-8497-2ae454e2bbc8;Таштагол;Кемеровская область;Сибирский;21980;1939
194654fb-b4d8-411f-9f40-731b6ba3f694;Тверь;Тверская область;Центральный;416219;1135
48dc7750-b5e8-4e6f-8d44-291ba39d0ef0;Теберда;Карачаево-Черкесия;Северо-Кавказский;9020;1868
1be32969-7869-4229-9bd1-ebf4dc7843c5;Тейково;Ивановская область;Центральный;31305;XVII век
68a83ea1-ad2b-4ea9-be57-1fff76bd7ebf;Темников;Мордовия;Приволжский;6451;XII век
f810a233-366e-4805-a510-14c5a3fe7268;Темрюк;Краснодарский край;Южный;41608;1860
7bbe31dd-8a45-4ab3-a9cf-3a1b3d5bf65a;Терек;Кабардино-Балкария;Северо-Кавказский;19948;1876
82868fab-8f26-4338-8079-ee119ef51102;Тетюши;Татарстан;Приволжский;10535;1578
4137f980-bab3-44e3-99c3-7ba230bd1c1a;Тимашёвск;Краснодарский край;Южный;51858;1794
47013e24-e311-4587-9d49-2d870a7fee33;Тихвин;Ленинградская область;Северо-Западный;55415;1383
fa9bc000-77a2-479d-91da-560459e3ffa1;Тихорецк;Краснодарский край;Южный;55686;1895
3423341f-2dc6-41a1-a373-ca7e17bc05f6;Тобольск;Тюменская область;Уральский;100352;1587
b56e35e2-167d-4ec7-a0f9-f1c642f0616c;Тогучин;Новосибирская область;Сибирский;20766;1867
97386ac4-4601-4f37-9465-e99b2c2ef210;Тольятти;Самарская область;Приволжский;684709;1737
3877bb9e-5956-484e-9078-8ec9e56676f2;Томари;Сахалинская область;Дальневосточный;4313;1870
4824d52b-74cc-486a-a25d-94ab7a263edd;Томмот;Якутия;Дальневосточный;6440;1923
a3ea2f49-0c1a-4074-88fe-0a141033b6be;Томск;Томская область;Сибирский;556478;1604
a4815ef3-d6e3-4d5f-99e8-2650bee7c6a7;Топки;Кемеровская область;Сибирский;27158;1914
30373b06-995b-4fc0-8720-cc464aa9d343;Торжок;Тверская область;Центральный;41116;IX—X века
ae203460-6d9c-4ee7-9148-1489b8c9b80e;Торопец;Тверская область;Центральный;11441;1074
55f3bf88-8cc7-423d-af56-ee395c22ab7e;Тосно;Ленинградская область;Северо-Западный;34066;1500
2838ccc0-f1d7-4e0c-b605-e6b7d9f91689;Тотьма;Вологодская область;Северо-Западный;8669;1137
878fd2da-b091-40f1-be1f-b514f6f4f0a3;Трёхгорный;Челябинская область;Уральский;32463;1952
557c61c7-be5e-468d-975a-b45c60c9b82d;Троицк;Челябинская область;Уральский;70301;1743
0ef0cf65-198b-445c-82c2-a07b99bb4234;Трубчевск;Брянская область;Центральный;13287;975
cbd8ae30-3500-48b1-8bdf-8db2af3e9f5c;Туапсе;Краснодарский край;Южный;61571;1838
1835d179-1a59-43d5-95b8-351311a76f36;Туймазы;Башкортостан;Приволжский;68349;1912
67704388-c1a4-4183-9cf9-287809801229;Тула;Тульская область;Центральный;473622;1146
2c4c417c-1ef6-40b2-8ede-5b8176cb5184;Тулун;Иркутская область;Сибирский;38440;1735
173c073e-1f62-457a-9dfe-d84051d99deb;Туран;Тыва;Сибирский;5044;1885
08174650-d917-4f97-b9f1-57203ce15eb5;Туринск;Свердловская область;Уральский;16561;1600
8eae672e-9cf8-48a7-a416-2ea344719ada;Тутаев;Ярославская область;Центральный;39643;XIII век
0c74fbd8-d59f-4a6d-a63f-47e2bec6030b;Тында;Амурская область;Дальневосточный;28625;1907
cd463f23-f716-4cef-b8cc-65b8aa193384;Тырныауз;Кабардино-Балкария;Северо-Кавказский;22056;1934
39971af7-8195-4ccf-9d3c-6d7e7c0347df;Тюкалинск;Омская область;Сибирский;9894;1759
2fda94a8-7388-4e84-aa14-d93e2b907c54;Тюмень;Тюменская область;Уральский;847488;1586
7391ab9c-220e-4f70-aa84-186a92c40e94;Уварово;Тамбовская область;Центральный;23584;1699
f2921dae-e52f-453d-b04e-d0ed932c4487;Углегорск;Сахалинская область;Дальневосточный;8041;XX век
b24e7d9d-75fb-41f2-85ec-387301424ef5;Углич;Ярославская область;Центральный;32719;1148
2354b931-bffd-4372-aaf5-0f9b21267094;Удачный;Якутия;Дальневосточный;12930;1967
70653e2c-51ee-43f4-b65e-9f3361c150f7;Удомля;Тверская область;Центральный;25950;1478
77b702e9-714f-47fe-9f02-2b56b1ef34b9;Ужур;Красноярский край;Сибирский;14134;1760
7361a0fd-7319-49be-93dd-7177ab76d9b0;Узловая;Тульская область;Центральный;49427;1873
7c5d1155-29e9-4fcf-8302-0b9893795742;Улан-Удэ;Бурятия;Сибирский;437565;1666
62a9dc92-a8b7-4cca-becf-4c9e64c1810f;Ульяновск;Ульяновская область;Приволжский;617352;1648
d32118aa-ac7c-4783-ba1b-16b51337a8b7;Унеча;Брянская область;Центральный;24274;1887
314017ee-2396-4702-8f16-76250e2344b2;Урай;Ханты-Мансийский АО;Уральский;41315;1922
76c5c6c0-8113-45ba-a6c6-0ef5bd70da31;Урень;Нижегородская область;Приволжский;12450;1719
ef9c3df6-cf48-4894-8419-72d1fc243b7c;Уржум;Кировская область;Приволжский;8448;1584
e8ec055d-b556-401b-b85a-12d2f6f19e7e;Урус-Мартан;Чечня;Северо-Кавказский;63449;XVIII век
a54b9304-ca36-4271-99a3-c620907b76d4;Урюпинск;Волгоградская область;Южный;36669;1618
d6730f64-e03d-45d8-8057-5242ad1ae03c;Усинск;Коми;Северо-Западный;32182;1966
15cb8f09-36e1-4dd4-8a3f-8ab8f5e2959e;Усмань;Липецкая область;Центральный;19662;1645
cefaa65a-3714-4a75-8430-d3fb5e66c660;Усолье-Сибирское;Иркутская область;Сибирский;74762;1669
3d7f0e02-a08b-4e80-964a-de3f7834083c;Усолье;Пермский край;Приволжский;6619;1606
8fa24b9d-a6ac-4b6d-8ab1-ddbee6f1ff0c;Уссурийск;Приморский край;Дальневосточный;180393;1866
5bf767d1-a290-46a2-ad9c-0b37465151b0;Усть-Джегута;Карачаево-Черкесия;Северо-Кавказский;31137;1868
4aa8bc57-9de8-4c6f-a4ee-d0f5dc05617a;Усть-Илимск;Иркутская область;Сибирский;79570;1966
61ca8262-257e-4c28-938d-3bf33149886e;Усть-Катав;Челябинская область;Уральский;21439;1758
368dfbac-b074-496c-a1d4-397d766e1d0c;Усть-Кут;Иркутская область;Сибирский;36918;1631
7a03dc88-eb03-47c2-8ead-c6eb6681f251;Усть-Лабинск;Краснодарский край;Южный;40158;1794
290b947a-3efd-4428-a4e7-015b6b241b43;Устюжна;Вологодская область;Северо-Западный;7843;1252
deaad0d7-28ae-489d-a7ff-e3f619ec0dc4;Уфа;Башкортостан;Приволжский;1144809;1574
d48724a5-68af-4679-8e0d-dee1e19ed4a2;Ухта;Коми;Северо-Западный;79899;1929
b14b7c52-6fb2-44d9-825d-5450417b53ad;Учалы;Башкортостан;Приволжский;36175;сер. XVIII века
2ae8bd92-97da-4a03-903f-ecaca01697e5;Уяр;Красноярский край;Сибирский;12036;1760
09734b68-432d-4698-b1eb-e5e42d8ed731;Фатеж;Курская область;Центральный;4691;XVI век
b4619676-5f4f-4916-be50-7f4e42ef59ec;Феодосия;Крым;Южный;66293;VI век до н. э.
063d60df-71cf-4264-a926-981e532315f4;Фокино;Брянская область;Центральный;12538;1899
aeb61337-015a-40a8-b7d2-1bae4066c119;Фокино;Приморский край;Дальневосточный;19711;1891
799be3dc-9637-419b-8943-4def9be62dc5;Фролово;Волгоградская область;Южный;35661;1859
9c164e20-9464-4da7-87fe-2e981a0a342f;Фрязино;Московская область;Центральный;60580;1584
a4f69e6a-8235-4611-b554-47ebf855a4ce;Фурманов;Ивановская область;Центральный;29715;1918
d8ae6aa4-e040-4490-859b-8a3734b79bc0;Хабаровск;Хабаровский край;Дальневосточный;617441;1858
efcd4180-439a-46c4-a799-229ba0af7c59;Хадыженск;Краснодарский край;Южный;22094;1864
0c96cd70-c01f-4af8-bbac-f01773c0cfff;Ханты-Мансийск;Ханты-Мансийский АО;Уральский;107473;1582
b3f03c7b-c7f8-42e9-b6ac-4580dfd629ae;Харабали;Астраханская область;Южный;18514;1789
1d5d69cc-b334-4168-8906-3d96ebcbdf54;Харовск;Вологодская область;Северо-Западный;8389;1903
3c38e256-fe8c-4a3c-b951-3b669a6549a4;Хасавюрт;Дагестан;Северо-Кавказский;155144;1846
98db8a1f-5779-4fce-b303-e0dffc103a8e;Хвалынск;Саратовская область;Приволжский;12042;1556
cd2e8f56-00b5-4e4c-bb9b-cc6bf47c9a03;Хилок;Забайкальский край;Сибирский;9948;1895
c267a3c4-0a16-439b-b70f-96a3fcc4cd4d;Химки;Московская область;Центральный;257128;1850
4e2abfab-c984-450f-a4a5-538e5fca2b11;Холм;Новгородская область;Северо-Западный;3214;1144
8e0e5cb6-8d76-4e06-aba1-6123b4458958;Холмск;Сахалинская область;Дальневосточный;25677;1870
2a2d93b6-dc45-4814-886e-d0707dca4f8c;Хотьково;Московская область;Центральный;20466;1308
c512103b-7529-4712-876a-e5512b3eb6d0;Цивильск;Чувашия;Приволжский;12762;1589
4c2b2364-e643-4b29-831b-a2bdaaa237f5;Цимлянск;Ростовская область;Южный;14731;1672
b9263fcc-359d-444e-ba3c-3725e7cbde74;Циолковский;Амурская область;Дальневосточный;7194;1961
92991aa7-6edf-469e-957f-7966f4c1640e;Чадан;Тыва;Сибирский;9732;1873
dceda78f-ee06-40c5-bc67-8e81da1acc0c;Чайковский;Пермский край;Приволжский;75837;1955
3ebead15-a8b7-4c2e-8cb5-c462d22f8022;Чапаевск;Самарская область;Приволжский;70228;1909
0389d172-785c-4d5a-bb1b-cbdb29bcffef;Чаплыгин;Липецкая область;Центральный;11579;1638
17ae80df-20bb-4308-8016-4117e774fab4;Чебаркуль;Челябинская область;Уральский;44693;1736
f385dcc1-45f0-47c3-ae24-92daec6cddc0;Чебоксары;Чувашия;Приволжский;497807;1469
e1c7d042-f4ae-4ae9-92c0-4362bdf484b6;Чегем;Кабардино-Балкария;Северо-Кавказский;20736;1822
1c25c270-5d0a-46c2-8ff2-d7913edb04a9;Чекалин;Тульская область;Центральный;935;1565
00d37de2-98ab-4139-9b4a-e0a96ad3d80e;Челябинск;Челябинская область;Уральский;1189525;1736
905d344e-5a18-402c-8cd8-6945bd15aa95;Чердынь;Пермский край;Приволжский;4590;1451
53fa9d77-544a-47b6-a18f-3b4dffbdb085;Черемхово;Иркутская область;Сибирский;53958;1772
0273d7a1-566f-4ae4-b702-0f66912cbc65;Черепаново;Новосибирская область;Сибирский;19900;1912
e1c26adc-7138-48e7-961f-5d7cbb82bdb4;Череповец;Вологодская область;Северо-Западный;305185;1777
7907e898-bf8f-4b65-bd74-069af0318fe0;Черкесск;Карачаево-Черкесия;Северо-Кавказский;113226;1825
6e9d3f02-e069-4c6e-a527-42585e42b0cb;Чёрмоз;Пермский край;Приволжский;3044;1701
75b4eb71-edac-41a3-8807-2c94c7fa7644;Черноголовка;Московская область;Центральный;19530;1710
7401ab80-3196-4c09-ab38-0c42a6e92805;Черногорск;Хакасия;Сибирский;75745;1936
5fa0ebea-e401-45c1-9988-6fc1d24ddacb;Чернушка;Пермский край;Приволжский;32991;1854
82f9cc34-ec3a-4048-876c-f9ebc99e9ffc;Черняховск;Калининградская область;Северо-Западный;36128;1336
9c735f54-9d77-4a04-adaf-b48b697fbadb;Чехов;Московская область;Центральный;89025;1175
e622b044-f2d6-4041-9aab-67c4026f553d;Чистополь;Татарстан;Приволжский;58815;XVIII век
91894a48-48e3-402d-8313-6c1848e96b00;Чита;Забайкальский край;Сибирский;334427;1653
dbced57f-ee0e-420b-869b-2600e788120d;Чкаловск;Нижегородская область;Приволжский;11535;XII век
4daa8410-3d76-48fb-9e1e-08c2521747bd;Чудово;Новгородская область;Северо-Западный;14302;XVI век
084820b2-9798-476a-a675-add1d3a8e3b6;Чулым;Новосибирская область;Сибирский;11034;1762
56d81114-5d41-4759-bb62-3e5e9541b784;Чусовой;Пермский край;Приволжский;45471;1878
b9158a37-96fc-4c1c-bb73-7dbbbaee4fb6;Чухлома;Костромская область;Центральный;4252;1381
1e35a95d-cfde-4385-a612-eb85837c0a81;Шагонар;Тыва;Сибирский;11772;1888
558f382b-9ac3-4481-a51c-d8e5c6b7ab47;Шадринск;Курганская область;Уральский;68609;1662
6e958332-8f9f-40f5-9874-4399e244d055;Шали;Чечня;Северо-Кавказский;55054;1378 или 1384
28e3f816-8847-4081-97c2-2878e580f7e6;Шарыпово;Красноярский край;Сибирский;33961;XVIII век
49262468-b615-4a32-affa-739fec345a6a;Шарья;Костромская область;Центральный;20439;1906
22766092-57e6-43e7-a71d-1c2c7a63e2f1;Шатура;Московская область;Центральный;38230;1423
35da606c-b034-41b2-8c4b-7c32728c1293;Шахты;Ростовская область;Южный;226452;1805
a33f5238-274b-4323-a141-85dd9c4c4402;Шахунья;Нижегородская область;Приволжский;17626;1912
49814ef5-00ee-4e5b-a8d1-1ba5a3c01ada;Шацк;Рязанская область;Центральный;5927;1553
0044c57d-8806-4a75-8319-3abc28228b94;Шебекино;Белгородская область;Центральный;39680;1713
ef8fde8d-47c1-412d-933c-ea1f5e99ba16;Шелехов;Иркутская область;Сибирский;41998;1953
5dbc4f97-9301-4b99-a7a4-de22d56f6c7f;Шенкурск;Архангельская область;Северо-Западный;4600;1137
ce1014e6-384d-4b46-8b8e-3f0fb11021f1;Шилка;Забайкальский край;Сибирский;12046;1897
72c7df8c-a54d-4128-85cb-4f52d76eb64a;Шимановск;Амурская область;Дальневосточный;16488;1910
78013497-0d13-4b1c-ae9d-c2dbaa0a6214;Шиханы;Саратовская область;Приволжский;5155;1928
92dc2e26-7e54-44d0-9f0b-b3607447e380;Шлиссельбург;Ленинградская область;Северо-Западный;14131;1323
b1ba102e-a04b-40fc-878f-ff9a9bcc4b54;Шумерля;Чувашия;Приволжский;26873;1916
77a7188d-eba6-4ff6-a38c-018bdccf37e3;Шумиха;Курганская область;Уральский;16264;1892
2d8eb45d-84f7-4935-862e-eb62b4b424cb;Шуя;Ивановская область;Центральный;55225;1394
038b943a-1129-407b-9e19-1ecb6d300df8;Щёкино;Тульская область;Центральный;55109;1870
b20da971-7e33-4110-bb20-ffb783434514;Щёлкино;Крым;Южный;10131;1978
efa82978-ce45-4f9b-a0fe-ae9bb584462d;Щёлково;Московская область;Центральный;134211;XVI век
107aa0d2-5cde-4acb-9ef2-652a892dedaa;Щигры;Курская область;Центральный;14927;XVIII век
ff5a4af8-b468-49ce-b6c7-8be77274fc6f;Щучье;Курганская область;Уральский;8252;1750
25683898-5a8d-4539-a7d3-947a74651c2f;Электрогорск;Московская область;Центральный;29982;1912
14d813f1-8ad0-4575-b54a-9b2bd1534d91;Электросталь;Московская область;Центральный;146403;1916
8ea5a877-3ee8-4993-bed2-3d7e14ec5b23;Электроугли;Московская область;Центральный;17944;1899
4a0ce731-276c-47df-b842-a49beeb7aead;Элиста;Калмыкия;Южный;102583;1865
ce2b6dfc-04f5-4181-b180-11e928b47c0e;Энгельс;Саратовская область;Приволжский;225428;1747
26ae171a-a339-4674-af97-981a6cb3711a;Эртиль;Воронежская область;Центральный;10024;1897
48b0a139-9927-405d-a547-ccf3813e4b24;Югорск;Ханты-Мансийский АО;Уральский;38238;1962
55bcfc50-9c76-4101-8269-25bb6ae3f841;Южа;Ивановская область;Центральный;12957;1628
b3e34bd8-f69d-4af3-b1ef-581cbffcf10f;Южно-Сахалинск;Сахалинская область;Дальневосточный;181587;1882
f88e965c-66e6-408b-a445-7ae464c5d7d4;Южно-Сухокумск;Дагестан;Северо-Кавказский;10503;1958
842c02f0-93cf-47fa-a095-3c1444a3a85a;Южноуральск;Челябинская область;Уральский;37478;1948
bc8ccb64-8b5d-467f-8250-6db3f7246628;Юрга;Кемеровская область;Сибирский;79693;1886
2cc69348-1f27-40ce-8b06-0a6065b40d63;Юрьев-Польский;Владимирская область;Центральный;17276;1152
008f50ce-68fa-465e-9449-a47349ea3f92;Юрьевец;Ивановская область;Центральный;7899;1225
6318d483-e4d4-48a8-8a6a-8afabb278a7d;Юрюзань;Челябинская область;Уральский;10284;1758
6d613c18-f7f3-47f5-aeeb-5eb0d81c3cce;Юхнов;Калужская область;Центральный;6610;1410
d20fa091-56cb-41fb-89b5-2e46e838d7cb;Ядрин;Чувашия;Приволжский;7918;1590
76cc8b4a-41f6-43bb-90dc-8a39620ad165;Якутск;Якутия;Дальневосточный;355443;1632
3694bf43-3299-49dd-8020-e664dde60dcc;Ялта;Крым;Южный;74652;1154
fa85a8ac-6836-444e-9942-71b0532aee25;Ялуторовск;Тюменская область;Уральский;38853;1659
c2b4a7bb-d539-4f6f-b1ae-d7f0781268de;Янаул;Башкортостан;Приволжский;25908;1730-е
6184193d-7626-4bc6-8dc9-54e03fe598b8;Яранск;Кировская область;Приволжский;14284;1584
38074774-8556-4478-a93b-b8b7d7106b84;Яровое;Алтайский край;Сибирский;16424;1943
5c4d0c5a-6656-43d6-b681-3738f1a59a44;Ярославль;Ярославская область;Центральный;577279;1010
5ff3ecbf-0e93-410a-a1ba-b9bde7e863f6;Ярцево;Смоленская область;Центральный;41452;1610
fddec2de-796c-4273-9657-a50c8c70df0b;Ясногорск;Тульская область;Центральный;15269;1578
9bd5d085-1430-4a49-8aa9-58733d0c1650;Ясный;Оренбургская область;Приволжский;15471;1961
2b43ad09-23e5-4ef4-83de-4f4a17594b19;Яхрома;Московская область;Центральный;14011;1841
64d8187f-5b60-424e-b4f9-5f9299cfa9d6;Балаклава;Севастополь;Южный;35919;VIII в. до н. э.
8dfaa9e3-1ea8-4c9c-925a-02704f792812;Зеленогорск;Санкт-Петербург;Северо-Западный;15613;1548
ce69340e-f165-43f4-9c17-ec7a8024c315;Зеленоград;Москва;Центральный;256775;1963
23cbe888-fdeb-419c-a156-98108388b4d9;Инкерман;Севастополь;Южный;13858;VI век н. э.
28f578f7-3307-4358-a69a-61434d4f47a1;Колпино;Санкт-Петербург;Северо-Западный;142108;1722
d5405821-3da6-4f3f-9cc6-c79be346e113;Красное Село;Санкт-Петербург;Северо-Западный;56533;1714
d02f9f57-4eca-4bc9-9c2b-5261af6a6c46;Кронштадт;Санкт-Петербург;Северо-Западный;44399;1704
92f27e12-2ca8-4ebb-99d9-98f3b0d186ea;Ломоносов;Санкт-Петербург;Северо-Западный;39147;1710
486de923-fa94-4921-93d8-c5a0af15161d;Московский;Москва;Центральный;654177;1969
ca801bf6-9926-4ef3-8969-e5526891b319;Павловск;Санкт-Петербург;Северо-Западный;17463;1777
a0ff152c-946f-479d-aba4-621843782dd1;Петергоф;Санкт-Петербург;Северо-Западный;80814;1710
9e20de15-396a-4925-905c-0008d7d58c1d;Пушкин;Санкт-Петербург;Северо-Западный;107223;1710
4fce9200-e3bc-4999-9d79-9c2a869acd57;Сестрорецк;Санкт-Петербург;Северо-Западный;45192;1714
76c1f10e-bb61-4e3c-a021-5c4157c1eb59;Троицк;Москва;Центральный;65043;1751
54e5c978-be4b-45f2-93c6-a8ba097d4279;Щербинка;Москва;Центральный;56531;1766
80e4e781-3619-4e1b-b149-0bcd001e88e2;Донецк;Донецкая Народная Республика;Южный;913323;1869
6e0b6131-4688-4787-8516-041347a7e675;Макеевка;Донецкая Народная Республика;Южный;351820;1690
87acd29d-9904-431f-aa12-b97ec5b15086;Мариуполь;Донецкая Народная Республика;Южный;458533;XVI
cef4f8c7-1b9c-4d19-bdbb-de03cd897f26;Горловка;Донецкая Народная Республика;Южный;244033;1779
cb1aa5bf-5a43-44bf-b5d6-4211d06deff6;Алчевск;Луганская Народная Республика;Южный;107438;1895
0babe9da-23c5-4b2f-97ac-b8630220cf11;Бердянск;Запорожская область;Южный;106311;1827
29b0ee7f-a8e9-4f80-96e6-bb2f1f6114fc;Мелитополь;Запорожская область;Южный;148851;1814
766e5792-cdff-47be-8a7e-7c6ebffab60a;Энергодар;Запорожская область;Южный;52237;1970
1a80234f-0e4b-46a7-996d-eced4ae57eb7;Токмак;Запорожская область;Южный;29573;1791
3a24c086-68eb-4a98-bc81-89cd80a5ce00;Каховка;Херсонская область;Южный;37316;1791
8096c099-ae77-460f-8bda-10d0457f47fb;Луганск;Луганская Народная Республика;Южный;409895;1795